id,text,route_airports,q_line,fir,q_code,traffic,purpose,scope,lower_limit,upper_limit,coords_radius,a_field,b_field,c_field,d_field,e_field,category,severity
KJFK-06-359,"06/359 NOTAMR 
Q) KZNY/QMNHW/IV/BO/A/000/999/4038N07346W005 
A) KJFK 
B) 2506180334 
C) 2609052300 

E) TERMINAL 1 RAMP WIP CONST LGTD AND BARRICADED",KJFK,KZNY/QMNHW/IV/BO/A/000/999/4038N07346W005,KZNY,QMNHW,IV,BO,A,0.0,999.0,4038N07346W005,KJFK,2506180334,2609052300,,TERMINAL 1 RAMP WIP CONST LGTD AND BARRICADED,other,advisory
KJFK-5-2951,"Q) KZNY/QPIXX/I/NBO/A/000/999/4038N07346W005
A) KJFK
B) 2411251745
C) 2611251742EST
E) JFK JOHN F KENNEDY INTL, NEW YORK, NY.
ILS OR LOC RWY 22R, AMDT 4...
S-LOC 22R MDA 580/HAT 567 ALL CATS. VISIBILITY CAT C/D 1 5/8. PERMANENT BUILDING 266FT MSL 4.7NM NORTH OF RWY 22R (2024-AEA-9867-OE).",KJFK,KZNY/QPIXX/I/NBO/A/000/999/4038N07346W005,KZNY,QPIXX,I,NBO,A,0.0,999.0,4038N07346W005,KJFK,2411251745,2611251742EST,,"JFK JOHN F KENNEDY INTL, NEW YORK, NY.
ILS OR LOC RWY 22R, AMDT 4...
S-LOC 22R MDA 580/HAT 567 ALL CATS. VISIBILITY CAT C/D 1 5/8. PERMANENT BUILDING 266FT MSL 4.7NM NORTH OF RWY 22R (2024-AEA-9867-OE).",navaid,advisory
KJFK-5-2362,"Q) KZNY/QPIXX/I/NBO/A/000/999/4038N07346W005
A) KJFK
B) 2509292049
C) 2712262048EST
E) JFK JOHN F KENNEDY INTL, NEW YORK, NY.
ILS OR LOC RWY 22L, AMDT 26...
ILS OR LOC RWY 22R, AMDT 4...
ILS OR LOC RWY 31L, AMDT 11B...
ILS OR LOC RWY 31R, AMDT 16B...
ILS OR LOC RWY 4R, AMDT 30B...
RNAV (GPS) RWY 22R, AMDT 1G...
RNAV (GPS) X RWY 22L, ORIG-A...
RNAV (GPS) Y RWY 22L, AMDT 1F...
RNAV (GPS) Y RWY 4L, AMDT 3B...
RNAV (GPS) Y RWY 4R, AMDT 2B...
VOR RWY 31L, ORIG-B...
VOR RWY 4R, ORIG-B...
CIRCLING MDA CATS C/D 700/HAA 687. VISIBILITY CAT C 2, CAT D 2 1/4.",KJFK,KZNY/QPIXX/I/NBO/A/000/999/4038N07346W005,KZNY,QPIXX,I,NBO,A,0.0,999.0,4038N07346W005,KJFK,2509292049,2712262048EST,,"JFK JOHN F KENNEDY INTL, NEW YORK, NY.
ILS OR LOC RWY 22L, AMDT 26...
ILS OR LOC RWY 22R, AMDT 4...
ILS OR LOC RWY 31L, AMDT 11B...
ILS OR LOC RWY 31R, AMDT 16B...
ILS OR LOC RWY 4R, AMDT 30B...
RNAV (GPS) RWY 22R, AMDT 1G...
RNAV (GPS) X RWY 22L, ORIG-A...
RNAV (GPS) Y RWY 22L, AMDT 1F...
RNAV (GPS) Y RWY 4L, AMDT 3B...
RNAV (GPS) Y RWY 4R, AMDT 2B...
VOR RWY 31L, ORIG-B...
VOR RWY 4R, ORIG-B...
CIRCLING MDA CATS C/D 700/HAA 687. VISIBILITY CAT C 2, CAT D 2 1/4.",navaid,advisory
KJFK-5-3815,"Q) KZNY/QPIXX/I/NBO/A/000/999/4038N07346W005
A) KJFK
B) 2510211421
C) 2606021421EST
E) JFK JOHN F KENNEDY INTL, NEW YORK, NY.
ILS OR LOC RWY 4L, AMDT 11E...
CHANGE NOTE: AUTOPILOT COUPLED APPROACH NA BELOW 200 FEET MSL TO READ AUTOPILOT COUPLED APPROACH NA BELOW 500 MSL.",KJFK,KZNY/QPIXX/I/NBO/A/000/999/4038N07346W005,KZNY,QPIXX,I,NBO,A,0.0,999.0,4038N07346W005,KJFK,2510211421,2606021421EST,,"JFK JOHN F KENNEDY INTL, NEW YORK, NY.
ILS OR LOC RWY 4L, AMDT 11E...
CHANGE NOTE: AUTOPILOT COUPLED APPROACH NA BELOW 200 FEET MSL TO READ AUTOPILOT COUPLED APPROACH NA BELOW 500 MSL.",navaid,advisory
KJFK-11-346,"11/346 NOTAMN 
Q) KZNY/QMXLC/IV/M/A/000/999/4038N07346W005 
A) KJFK 
B) 2511192100 
C) PERM 

E) TWY KG BTN TWY A AND TWY B CLSDTWY BRSTRCTN>0? TO|",KJFK,KZNY/QMXLC/IV/M/A/000/999/4038N07346W005,KZNY,QMXLC,IV,M,A,0.0,999.0,4038N07346W005,KJFK,2511192100,PERM,,TWY KG BTN TWY A AND TWY B CLSDTWY BRSTRCTN>0? TO|,taxiway,advisory
KJFK-12-053,"12/053 NOTAMN 
Q) KZNY/QMXLC/IV/M/A/000/999/4038N07346W005 
A) KJFK 
B) 2512031620 
C) 2612312300 

E) TWY Z BTN RWY 04L/22R AND TWY Y CLSDTWY YRSTRCTN>0? TO|",KJFK,KZNY/QMXLC/IV/M/A/000/999/4038N07346W005,KZNY,QMXLC,IV,M,A,0.0,999.0,4038N07346W005,KJFK,2512031620,2612312300,,TWY Z BTN RWY 04L/22R AND TWY Y CLSDTWY YRSTRCTN>0? TO|,taxiway,advisory
KJFK-12-054,"12/054 NOTAMN 
Q) KZNY/QXXAS/IV/M/A/000/999/4038N07346W005 
A) KJFK 
B) 2512031625 
C) 2612312300 

E) TWY H CL LGT BTN TWY Y AND TWY Z NOT STD",KJFK,KZNY/QXXAS/IV/M/A/000/999/4038N07346W005,KZNY,QXXAS,IV,M,A,0.0,999.0,4038N07346W005,KJFK,2512031625,2612312300,,TWY H CL LGT BTN TWY Y AND TWY Z NOT STD,taxiway,advisory
KJFK-12-055,"12/055 NOTAMN 
Q) KZNY/QXXAS/IV/M/A/000/999/4038N07346W005 
A) KJFK 
B) 2512031630 
C) 2612312300 

E) TWY A CL LGT BTN TWY M AND TWY MA NOT STD",KJFK,KZNY/QXXAS/IV/M/A/000/999/4038N07346W005,KZNY,QXXAS,IV,M,A,0.0,999.0,4038N07346W005,KJFK,2512031630,2612312300,,TWY A CL LGT BTN TWY M AND TWY MA NOT STD,taxiway,advisory
KJFK-12-171,"12/171 NOTAMN 
Q) KZNY/QMXLC/IV/M/A/000/999/4038N07346W005 
A) KJFK 
B) 2512101944 
C) PERM 

E) TWY PB BTN HANGAR 12 RAMP AND TWY Q CLSDTWY QRSTRCTN>0? TO|",KJFK,KZNY/QMXLC/IV/M/A/000/999/4038N07346W005,KZNY,QMXLC,IV,M,A,0.0,999.0,4038N07346W005,KJFK,2512101944,PERM,,TWY PB BTN HANGAR 12 RAMP AND TWY Q CLSDTWY QRSTRCTN>0? TO|,taxiway,advisory
KJFK-01-233,"01/233 NOTAMN 
Q) KZNY/QMXLC/IV/M/A/000/999/4038N07346W005 
A) KJFK 
B) 2601081536 
C) 2612312300 

E) TWY TB BTN TERMINAL 8 RAMP AND TWY A CLSDTWY ARSTRCTN>0? TO|",KJFK,KZNY/QMXLC/IV/M/A/000/999/4038N07346W005,KZNY,QMXLC,IV,M,A,0.0,999.0,4038N07346W005,KJFK,2601081536,2612312300,,TWY TB BTN TERMINAL 8 RAMP AND TWY A CLSDTWY ARSTRCTN>0? TO|,taxiway,advisory
KJFK-01-563,"01/563 NOTAMR 
Q) KZNY/QOBXX/IV/M//000//4038N07346W005 
A) KJFK 
B) 2601211940 
C) 2609031800 
E) CRANE (ASN 2022-AEA-1421-NRA) 403910N0734540W (1.1NM NE JFK) 57FT (45FT AGL) FLAGGED AND LGTD",KJFK,KZNY/QOBXX/IV/M//000//4038N07346W005,KZNY,QOBXX,IV,M,,0.0,,4038N07346W005,KJFK,2601211940,2609031800,,CRANE (ASN 2022-AEA-1421-NRA) 403910N0734540W (1.1NM NE JFK) 57FT (45FT AGL) FLAGGED AND LGTD,lighting,advisory
KJFK-6-3081,"Q) KZNY/QPIXX/I/NBO/A/000/999/4038N07346W005
A) KJFK
B) 2602121412
C) 2609241412EST
E) JFK JOHN F KENNEDY INTL, NEW YORK, NY.
RNAV (GPS) RWY 31R, AMDT 2D...
LPV DA 218/HAT 205 ALL CATS.
EXCEPT WHEN ADVISED BY ATCT THAT THESE CRANES ARE DOWN. 
TEMPORARY CRANES 261 MSL 4630 FT W OF RWY 31R (2023-AEA-2063 THRU 2068-NRA).",KJFK,KZNY/QPIXX/I/NBO/A/000/999/4038N07346W005,KZNY,QPIXX,I,NBO,A,0.0,999.0,4038N07346W005,KJFK,2602121412,2609241412EST,,"JFK JOHN F KENNEDY INTL, NEW YORK, NY.
RNAV (GPS) RWY 31R, AMDT 2D...
LPV DA 218/HAT 205 ALL CATS.
EXCEPT WHEN ADVISED BY ATCT THAT THESE CRANES ARE DOWN. 
TEMPORARY CRANES 261 MSL 4630 FT W OF RWY 31R (2023-AEA-2063 THRU 2068-NRA).",navaid,advisory
KJFK-6-3083,"Q) KZNY/QPIXX/I/NBO/A/000/999/4038N07346W005
A) KJFK
B) 2602121413
C) 2609241413EST
E) JFK JOHN F KENNEDY INTL, NEW YORK, NY.
ILS OR LOC RWY 13L, AMDT 18D...
S-ILS 13L DA 278/HAT 265 ALL CATS. VISIBILITY ALL CATS RVR 2000.
UXHUB FIX MINIMUMS:
S-LOC 13L MDA 460/HAT 447 ALL CATS. VISIBILITY CATS C/D RVR 4500.
VDP AT I-TLK 2.86 DME; DISTANCE VDP TO THLD 1.17 NM.
EXCEPT WHEN ADVISED BY ATCT THAT THESE CRANES ARE DOWN. 
TEMPORARY CRANES 261 MSL 3037 FT SE OF RWY 13L (2023-AEA-2063 THRU 2068-NRA).",KJFK,KZNY/QPIXX/I/NBO/A/000/999/4038N07346W005,KZNY,QPIXX,I,NBO,A,0.0,999.0,4038N07346W005,KJFK,2602121413,2609241413EST,,"JFK JOHN F KENNEDY INTL, NEW YORK, NY.
ILS OR LOC RWY 13L, AMDT 18D...
S-ILS 13L DA 278/HAT 265 ALL CATS. VISIBILITY ALL CATS RVR 2000.
UXHUB FIX MINIMUMS:
S-LOC 13L MDA 460/HAT 447 ALL CATS. VISIBILITY CATS C/D RVR 4500.
VDP AT I-TLK 2.86 DME; DISTANCE VDP TO THLD 1.17 NM.
EXCEPT WHEN ADVISED BY ATCT THAT THESE CRANES ARE DOWN. 
TEMPORARY CRANES 261 MSL 3037 FT SE OF RWY 13L (2023-AEA-2063 THRU 2068-NRA).",navaid,advisory
KJFK-6-3085,"Q) KZNY/QPIXX/I/NBO/A/000/999/4038N07346W005
A) KJFK
B) 2602121413
C) 2609241413EST
E) JFK JOHN F KENNEDY INTL, NEW YORK, NY.
ILS OR LOC RWY 31R, AMDT 16B...
S-ILS 31R DA 217/HAT 204 ALL CATS.
S-LOC 31R MDA 460/HAT 447 ALL CATS. VISIBILITY CATS C/D RVR 4500.
VDP AT I-RTH 0.87 DME; DISTANCE VDP TO THLD 1.23 NM.
EXCEPT WHEN ADVISED BY ATCT THAT THESE CRANES ARE DOWN. 
TEMPORARY CRANES 261 MSL 4630 FT W OF RWY 31R (2023-AEA-2063 THRU 2068-NRA)..",KJFK,KZNY/QPIXX/I/NBO/A/000/999/4038N07346W005,KZNY,QPIXX,I,NBO,A,0.0,999.0,4038N07346W005,KJFK,2602121413,2609241413EST,,"JFK JOHN F KENNEDY INTL, NEW YORK, NY.
ILS OR LOC RWY 31R, AMDT 16B...
S-ILS 31R DA 217/HAT 204 ALL CATS.
S-LOC 31R MDA 460/HAT 447 ALL CATS. VISIBILITY CATS C/D RVR 4500.
VDP AT I-RTH 0.87 DME; DISTANCE VDP TO THLD 1.23 NM.
EXCEPT WHEN ADVISED BY ATCT THAT THESE CRANES ARE DOWN. 
TEMPORARY CRANES 261 MSL 4630 FT W OF RWY 31R (2023-AEA-2063 THRU 2068-NRA)..",navaid,advisory
KJFK-6-3087,"Q) KZNY/QXXXX/I/NBO/A/000/999/4038N07346W025
A) KJFK
B) 2602121414
C) 2609241414EST
E) IAP JOHN F KENNEDY INTL, NEW YORK, NY.
ILS RWY 13L (CAT II) AMDT 18D ...
PROCEDURE NA.
EXCEPT WHEN ADVISED BY ATCT THAT THESE CRANES ARE DOWN. 
TEMPORARY CRANES 261 MSL 3037 FT SE OF RWY 13L (2023-AEA-2063 THRU 2068-NRA).",KJFK,KZNY/QXXXX/I/NBO/A/000/999/4038N07346W025,KZNY,QXXXX,I,NBO,A,0.0,999.0,4038N07346W025,KJFK,2602121414,2609241414EST,,"IAP JOHN F KENNEDY INTL, NEW YORK, NY.
ILS RWY 13L (CAT II) AMDT 18D ...
PROCEDURE NA.
EXCEPT WHEN ADVISED BY ATCT THAT THESE CRANES ARE DOWN. 
TEMPORARY CRANES 261 MSL 3037 FT SE OF RWY 13L (2023-AEA-2063 THRU 2068-NRA).",navaid,advisory
KJFK-6-4753,"Q) KZNY/QPDAO/I/NBO/A/000/999/4038N07346W005
A) KJFK
B) 2404301307
C) 2412101307EST
E) JFK JOHN F KENNEDY INTL, NEW YORK, NY.
KENNEDY FIVE DEPARTURE...
NOTE: COATE DEPARTURES NA EXCEPT FOR AIRCRAFT EQUIPPED WITH SUITABLE RNAV SYSTEM WITH GPS,
SAX VORTAC U/S.",KJFK,KZNY/QPDAO/I/NBO/A/000/999/4038N07346W005,KZNY,QPDAO,I,NBO,A,0.0,999.0,4038N07346W005,KJFK,2404301307,2412101307EST,,"JFK JOHN F KENNEDY INTL, NEW YORK, NY.
KENNEDY FIVE DEPARTURE...
NOTE: COATE DEPARTURES NA EXCEPT FOR AIRCRAFT EQUIPPED WITH SUITABLE RNAV SYSTEM WITH GPS,
SAX VORTAC U/S.",navaid,critical
KJFK-6-4963,"Q) KZNY/QPIXX/I/NBO/A/000/999/4038N07346W005
A) KJFK
B) 2602171633
C) 2710051633EST
E) JFK JOHN F KENNEDY INTL, NEW YORK, NY.
COPTER RNAV (GPS) 027, ORIG-C...
LNAV MDA 680/HAS 647. NUMEROUS OFFSHORE TEMPORARY BARGE CRANES/WIND TURBINES 345FT MSL 10NM SOUTHWEST OF JFK AIRPORT (2024-WTE-4148 THRU 4149-OE, 2024-WTE-4196 THRU 4197-OE, 2024-WTE-4236 THRU 4344-OE).",KJFK,KZNY/QPIXX/I/NBO/A/000/999/4038N07346W005,KZNY,QPIXX,I,NBO,A,0.0,999.0,4038N07346W005,KJFK,2602171633,2710051633EST,,"JFK JOHN F KENNEDY INTL, NEW YORK, NY.
COPTER RNAV (GPS) 027, ORIG-C...
LNAV MDA 680/HAS 647. NUMEROUS OFFSHORE TEMPORARY BARGE CRANES/WIND TURBINES 345FT MSL 10NM SOUTHWEST OF JFK AIRPORT (2024-WTE-4148 THRU 4149-OE, 2024-WTE-4196 THRU 4197-OE, 2024-WTE-4236 THRU 4344-OE).",navaid,advisory
KJFK-02-434,"02/434 NOTAMN 
Q) KZNY/QMXLC/IV/M/A/000/999/4038N07346W005 
A) KJFK 
B) 2602182118 
C) 2712312359 

E) TWY VA BTN TERMINAL 7 RAMP AND TWY A CLSDTWY ARSTRCTN>0? TO|",KJFK,KZNY/QMXLC/IV/M/A/000/999/4038N07346W005,KZNY,QMXLC,IV,M,A,0.0,999.0,4038N07346W005,KJFK,2602182118,2712312359,,TWY VA BTN TERMINAL 7 RAMP AND TWY A CLSDTWY ARSTRCTN>0? TO|,taxiway,advisory
KJFK-03-169,"03/169 NOTAMN 
Q) KZNY/QOBXX/IV/M//000//4038N07346W005 
A) KJFK 
B) 2603101757 
C) 2706222359 
E) CRANE (ASN 2025-AEA-4297-NRA) 403811N0734703W (0.3NM SW JFK) 112FT (100FT AGL) FLAGGED AND LGTD",KJFK,KZNY/QOBXX/IV/M//000//4038N07346W005,KZNY,QOBXX,IV,M,,0.0,,4038N07346W005,KJFK,2603101757,2706222359,,CRANE (ASN 2025-AEA-4297-NRA) 403811N0734703W (0.3NM SW JFK) 112FT (100FT AGL) FLAGGED AND LGTD,lighting,advisory
KJFK-03-179,"03/179 NOTAMN 
Q) KZNY/QOBXX/IV/M//000//4038N07346W005 
A) KJFK 
B) 2603102215 
C) 2708062359 
E) CRANE (ASN 2026-AEA-228-NRA) 403923N0734854W (1.9NM WNW JFK) 139FT (127FT AGL) FLAGGED AND LGTD",KJFK,KZNY/QOBXX/IV/M//000//4038N07346W005,KZNY,QOBXX,IV,M,,0.0,,4038N07346W005,KJFK,2603102215,2708062359,,CRANE (ASN 2026-AEA-228-NRA) 403923N0734854W (1.9NM WNW JFK) 139FT (127FT AGL) FLAGGED AND LGTD,lighting,advisory
KJFK-03-180,"03/180 NOTAMN 
Q) KZNY/QOBXX/IV/M//000//4038N07346W005 
A) KJFK 
B) 2603102226 
C) 2707132359 
E) CRANE (ASN 2025-AEA-5155-NRA) 403941N0734730W (1.4NM NNW JFK) 126FT (111FT AGL) FLAGGED AND LGTD",KJFK,KZNY/QOBXX/IV/M//000//4038N07346W005,KZNY,QOBXX,IV,M,,0.0,,4038N07346W005,KJFK,2603102226,2707132359,,CRANE (ASN 2025-AEA-5155-NRA) 403941N0734730W (1.4NM NNW JFK) 126FT (111FT AGL) FLAGGED AND LGTD,lighting,advisory
KJFK-03-190,"03/190 NOTAMN 
Q) KZNY/QOBXX/IV/M//000//4038N07346W005 
A) KJFK 
B) 2603111102 
C) 2609032359 
E) CRANE (ASN 2022-AEA-2510-NRA) 403921N0734521W (1.4NM NE JFK) 51FT (45FT AGL) FLAGGED AND LGTD",KJFK,KZNY/QOBXX/IV/M//000//4038N07346W005,KZNY,QOBXX,IV,M,,0.0,,4038N07346W005,KJFK,2603111102,2609032359,,CRANE (ASN 2022-AEA-2510-NRA) 403921N0734521W (1.4NM NE JFK) 51FT (45FT AGL) FLAGGED AND LGTD,lighting,advisory
KJFK-03-191,"03/191 NOTAMN 
Q) KZNY/QOBXX/IV/M//000//4038N07346W005 
A) KJFK 
B) 2603111103 
C) 2609032359 
E) CRANE (ASN 2022-AEA-2511-NRA) 403923N0734456W (1.7NM NE JFK) 49FT (45FT AGL) FLAGGED AND LGTD",KJFK,KZNY/QOBXX/IV/M//000//4038N07346W005,KZNY,QOBXX,IV,M,,0.0,,4038N07346W005,KJFK,2603111103,2609032359,,CRANE (ASN 2022-AEA-2511-NRA) 403923N0734456W (1.7NM NE JFK) 49FT (45FT AGL) FLAGGED AND LGTD,lighting,advisory
KJFK-03-285,"03/285 NOTAMN 
Q) KZNY/QMMXX/V/M/A/000/999/4038N07346W005 
A) KJFK 
B) 2603171655 
C) 2612312300 

E) TWY J SFC PAINTED HLDG PSN SIGNS FOR RWY 04R/22L FADED",KJFK,KZNY/QMMXX/V/M/A/000/999/4038N07346W005,KZNY,QMMXX,V,M,A,0.0,999.0,4038N07346W005,KJFK,2603171655,2612312300,,TWY J SFC PAINTED HLDG PSN SIGNS FOR RWY 04R/22L FADED,taxiway,advisory
KJFK-03-405,"03/405 NOTAMN 
Q) KZNY/QXXAS/IV/M/A/000/999/4038N07346W005 
A) KJFK 
B) 2603250736 
C) 2609052300 

E) TWY HB LGT BTN TERMINAL 4 RAMP AND TWY B U/S",KJFK,KZNY/QXXAS/IV/M/A/000/999/4038N07346W005,KZNY,QXXAS,IV,M,A,0.0,999.0,4038N07346W005,KJFK,2603250736,2609052300,,TWY HB LGT BTN TERMINAL 4 RAMP AND TWY B U/S,taxiway,critical
KJFK-03-408,"03/408 NOTAMN 
Q) KZNY/QMMXX/V/M/A/000/999/4038N07346W005 
A) KJFK 
B) 2603250804 
C) 2609052300 

E) TWY B TWY DIRECTION SIGN FOR TWY YA LGT U/S",KJFK,KZNY/QMMXX/V/M/A/000/999/4038N07346W005,KZNY,QMMXX,V,M,A,0.0,999.0,4038N07346W005,KJFK,2603250804,2609052300,,TWY B TWY DIRECTION SIGN FOR TWY YA LGT U/S,taxiway,advisory
KJFK-03-409,"03/409 NOTAMN 
Q) KZNY/QXXAS/IV/M/A/000/999/4038N07346W005 
A) KJFK 
B) 2603250809 
C) 2609052300 

E) TWY KF LGT BTN TERMINAL 4 RAMP AND TWY B U/S",KJFK,KZNY/QXXAS/IV/M/A/000/999/4038N07346W005,KZNY,QXXAS,IV,M,A,0.0,999.0,4038N07346W005,KJFK,2603250809,2609052300,,TWY KF LGT BTN TERMINAL 4 RAMP AND TWY B U/S,taxiway,critical
KATL-5-5008,"Q) KZTL/QPIXX/I/NBO/A/000/999/3338N08425W005
A) KATL
B) 2504101837
C) 2511201836EST
E) ATL HARTSFIELD/JACKSON ATLANTA INTL, ATLANTA, GA.
RNAV (GPS) PRM Y RWY 28, ORIG-A...
RNAV (GPS) Y RWY 28, AMDT 4A...
RNAV (RNP) Z RWY 28, AMDT 1...
VGSI AND RNAV GLIDEPATH NOT COINCIDENT (VGSI ANGLE 3.00/TCH 72).",KATL,KZTL/QPIXX/I/NBO/A/000/999/3338N08425W005,KZTL,QPIXX,I,NBO,A,0.0,999.0,3338N08425W005,KATL,2504101837,2511201836EST,,"ATL HARTSFIELD/JACKSON ATLANTA INTL, ATLANTA, GA.
RNAV (GPS) PRM Y RWY 28, ORIG-A...
RNAV (GPS) Y RWY 28, AMDT 4A...
RNAV (RNP) Z RWY 28, AMDT 1...
VGSI AND RNAV GLIDEPATH NOT COINCIDENT (VGSI ANGLE 3.00/TCH 72).",navaid,advisory
KATL-5-5010,"Q) KZTL/QPIXX/I/NBO/A/000/999/3338N08425W005
A) KATL
B) 2504101817
C) 2511201815EST
E) ATL HARTSFIELD/JACKSON ATLANTA INTL, ATLANTA, GA.
RNAV (GPS) Y RWY 10, AMDT 4A...
RNAV (RNP) Z RWY 10, AMDT 1...
VGSI AND RNAV GLIDEPATH NOT COINCIDENT (VGSI ANGLE 3.00/TCH 69).",KATL,KZTL/QPIXX/I/NBO/A/000/999/3338N08425W005,KZTL,QPIXX,I,NBO,A,0.0,999.0,3338N08425W005,KATL,2504101817,2511201815EST,,"ATL HARTSFIELD/JACKSON ATLANTA INTL, ATLANTA, GA.
RNAV (GPS) Y RWY 10, AMDT 4A...
RNAV (RNP) Z RWY 10, AMDT 1...
VGSI AND RNAV GLIDEPATH NOT COINCIDENT (VGSI ANGLE 3.00/TCH 69).",navaid,advisory
KATL-5-5012,"Q) KZTL/QXXXX/I/NBO/A/000/999/3338N08425W025
A) KATL
B) 2504101821
C) 2511201818EST
E) IAP HARTSFIELD/JACKSON ATLANTA INTL, ATLANTA, GA.
ILS OR LOC RWY 10, AMDT 5C ...
ILS RWY 10 (SA CAT I), AMDT 5C ...
ILS PRM RWY 10 (CLOSE PARALLEL), AMDT 5 ...
ILS PRM RWY 10 (SA CAT I)(CLOSE PARALLEL), AMDT 5 ...
ILS PRM RWY 10 (CAT II AND III)(CLOSE PARALLEL), AMDT 5 ...
VGSI AND ILS GLIDEPATH NOT COINCIDENT (VGSI ANGLE 3.00/TCH 69).",KATL,KZTL/QXXXX/I/NBO/A/000/999/3338N08425W025,KZTL,QXXXX,I,NBO,A,0.0,999.0,3338N08425W025,KATL,2504101821,2511201818EST,,"IAP HARTSFIELD/JACKSON ATLANTA INTL, ATLANTA, GA.
ILS OR LOC RWY 10, AMDT 5C ...
ILS RWY 10 (SA CAT I), AMDT 5C ...
ILS PRM RWY 10 (CLOSE PARALLEL), AMDT 5 ...
ILS PRM RWY 10 (SA CAT I)(CLOSE PARALLEL), AMDT 5 ...
ILS PRM RWY 10 (CAT II AND III)(CLOSE PARALLEL), AMDT 5 ...
VGSI AND ILS GLIDEPATH NOT COINCIDENT (VGSI ANGLE 3.00/TCH 69).",navaid,advisory
KATL-5-3263,"Q) KZTL/QPIXX/I/NBO/A/000/999/3338N08425W005
A) KATL
B) 2507011526
C) 2602101526EST
E) ATL HARTSFIELD/JACKSON ATLANTA INTL, ATLANTA, GA.
RNAV (RNP) Z RWY 8L, AMDT 1A...
RNP 0.30 DA 1516/HAT 501 ALL CATS, VIS ALL CATS RVR 5500. CHANGE NOTE TO READ: FOR INOP ALS, INCREASE RNP 0.15 ALL CATS RVR TO 5500 AND RNP 0.30 ALL CATS VISIBILITY TO 1 3/8 SM. TEMPORARY CRANE 1305 MSL 4393FT SW OF RWY 8L (2025-ASO-3650-NRA).",KATL,KZTL/QPIXX/I/NBO/A/000/999/3338N08425W005,KZTL,QPIXX,I,NBO,A,0.0,999.0,3338N08425W005,KATL,2507011526,2602101526EST,,"ATL HARTSFIELD/JACKSON ATLANTA INTL, ATLANTA, GA.
RNAV (RNP) Z RWY 8L, AMDT 1A...
RNP 0.30 DA 1516/HAT 501 ALL CATS, VIS ALL CATS RVR 5500. CHANGE NOTE TO READ: FOR INOP ALS, INCREASE RNP 0.15 ALL CATS RVR TO 5500 AND RNP 0.30 ALL CATS VISIBILITY TO 1 3/8 SM. TEMPORARY CRANE 1305 MSL 4393FT SW OF RWY 8L (2025-ASO-3650-NRA).",navaid,advisory
KATL-5-1984,"Q) KZTL/QPIXX/I/NBO/A/000/999/3338N08425W005
A) KATL
B) 2310021901
C) 2405131901EST
E) ATL HARTSFIELD - JACKSON ATLANTA INTL, ATLANTA, GA.
RNAV (RNP) Z RWY 26R, AMDT 1...
FOR INOPERATIVE ALS, INCREASE RNP 0.30 DA ALL CATS VISIBILITY TO RVR 6000.",KATL,KZTL/QPIXX/I/NBO/A/000/999/3338N08425W005,KZTL,QPIXX,I,NBO,A,0.0,999.0,3338N08425W005,KATL,2310021901,2405131901EST,,"ATL HARTSFIELD - JACKSON ATLANTA INTL, ATLANTA, GA.
RNAV (RNP) Z RWY 26R, AMDT 1...
FOR INOPERATIVE ALS, INCREASE RNP 0.30 DA ALL CATS VISIBILITY TO RVR 6000.",navaid,advisory
KATL-5-8266,"Q) KZTL/QPIXX/I/NBO/A/000/999/3338N08425W005
A) KATL
B) 2510291552
C) 2606101550EST
E) ATL HARTSFIELD/JACKSON ATLANTA INTL, ATLANTA, GA.
RNAV (RNP) Z RWY 28, AMDT 1...
RNP 0.11 DA 1315/HAT 317 ALL CATS. RNP 0.30 DA 1382/HAT 384, VIS RVR 2600 ALL CATS.",KATL,KZTL/QPIXX/I/NBO/A/000/999/3338N08425W005,KZTL,QPIXX,I,NBO,A,0.0,999.0,3338N08425W005,KATL,2510291552,2606101550EST,,"ATL HARTSFIELD/JACKSON ATLANTA INTL, ATLANTA, GA.
RNAV (RNP) Z RWY 28, AMDT 1...
RNP 0.11 DA 1315/HAT 317 ALL CATS. RNP 0.30 DA 1382/HAT 384, VIS RVR 2600 ALL CATS.",navaid,advisory
KATL-5-3374,"Q) KZTL/QXXXX/I/NBO/A/000/999/3338N08425W025
A) KATL
B) 2512021812
C) 2712021809EST
E) IAP HARTSFIELD/JACKSON ATLANTA INTL, ATLANTA, GA.
ILS PRM RWY 10 (CAT II-III), AMDT 5 ...
ILS RWY 10 (CAT II-III), AMDT 5C ...
NOTE FOR CAT III: LOCALIZER NOT SUITABLE FOR ELECTRONIC ROLLOUT GUIDANCE.",KATL,KZTL/QXXXX/I/NBO/A/000/999/3338N08425W025,KZTL,QXXXX,I,NBO,A,0.0,999.0,3338N08425W025,KATL,2512021812,2712021809EST,,"IAP HARTSFIELD/JACKSON ATLANTA INTL, ATLANTA, GA.
ILS PRM RWY 10 (CAT II-III), AMDT 5 ...
ILS RWY 10 (CAT II-III), AMDT 5C ...
NOTE FOR CAT III: LOCALIZER NOT SUITABLE FOR ELECTRONIC ROLLOUT GUIDANCE.",navaid,advisory
KATL-03-151,"03/151 NOTAMR 
Q) KZTL/QICAS/IV/NBO/A/000/999/3338N08425W025 
A) KATL 
B) 2603091244 
C) 2705012111EST 

E) ILS RWY 27L IM U/S",KATL,KZTL/QICAS/IV/NBO/A/000/999/3338N08425W025,KZTL,QICAS,IV,NBO,A,0.0,999.0,3338N08425W025,KATL,2603091244,2705012111EST,,ILS RWY 27L IM U/S,navaid,critical
KATL-03-152,"03/152 NOTAMR 
Q) KZTL/QICAS/IV/NBO/A/000/999/3338N08425W025 
A) KATL 
B) 2603091245 
C) 2705012111EST 

E) ILS RWY 09R IM U/S",KATL,KZTL/QICAS/IV/NBO/A/000/999/3338N08425W025,KZTL,QICAS,IV,NBO,A,0.0,999.0,3338N08425W025,KATL,2603091245,2705012111EST,,ILS RWY 09R IM U/S,navaid,critical
KATL-6-8135,"Q) KZTL/QPIXX/I/NBO/A/000/999/3338N08425W005
A) KATL
B) 2603131558
C) 2610231558EST
E) ATL HARTSFIELD/JACKSON ATLANTA INTL, ATLANTA, GA.
RNAV (GPS) PRM RWY 9R, ORIG-A...
LNAV/VNAV DA 1516/HAT 490 ALL CATS, VIS ALL CATS RVR 5000. TEMPORARY CRANE 1305 MSL 3585FT N OF RWY 9R (2025-ASO-3650-NRA). TEMPORARY CRANES UP TO 1268 MSL 2966FT N OF RWY 9R (2024-ASO-5839 THRU 5843-NRA).",KATL,KZTL/QPIXX/I/NBO/A/000/999/3338N08425W005,KZTL,QPIXX,I,NBO,A,0.0,999.0,3338N08425W005,KATL,2603131558,2610231558EST,,"ATL HARTSFIELD/JACKSON ATLANTA INTL, ATLANTA, GA.
RNAV (GPS) PRM RWY 9R, ORIG-A...
LNAV/VNAV DA 1516/HAT 490 ALL CATS, VIS ALL CATS RVR 5000. TEMPORARY CRANE 1305 MSL 3585FT N OF RWY 9R (2025-ASO-3650-NRA). TEMPORARY CRANES UP TO 1268 MSL 2966FT N OF RWY 9R (2024-ASO-5839 THRU 5843-NRA).",navaid,advisory
KATL-03-278,"03/278 NOTAMN 
Q) KZTL/QIIAS/IV/B/A/000/999/3338N08425W025 
A) KATL 
B) 2603171211 
C) 2711072111EST 

E) ILS RWY 28 IM U/S",KATL,KZTL/QIIAS/IV/B/A/000/999/3338N08425W025,KZTL,QIIAS,IV,B,A,0.0,999.0,3338N08425W025,KATL,2603171211,2711072111EST,,ILS RWY 28 IM U/S,navaid,critical
KATL-03-296,"03/296 NOTAMN 
Q) KZTL/QIIAS/IV/B/A/000/999/3338N08425W025 
A) KATL 
B) 2603181657 
C) 2711082111EST 

E) ILS RWY 08L IM U/S",KATL,KZTL/QIIAS/IV/B/A/000/999/3338N08425W025,KZTL,QIIAS,IV,B,A,0.0,999.0,3338N08425W025,KATL,2603181657,2711082111EST,,ILS RWY 08L IM U/S,navaid,critical
KATL-6-0792,"Q) KZTL/QPIAO/I/NBO/A/000/999/3338N08425W005
A) KATL
B) 2603191247
C) 2607301244EST
E) ATL HARTSFIELD/JACKSON ATLANTA INTL, ATLANTA, GA.
ILS OR LOC RWY 9L, AMDT 11...
RADAR OR DME REQUIRED EXCEPT FOR ACFT EQUIPPED WITH SUITABLE RNAV SYSTEM WITH GPS.
VDP NA.
I-HZK DME OUT OF SERVICE.",KATL,KZTL/QPIAO/I/NBO/A/000/999/3338N08425W005,KZTL,QPIAO,I,NBO,A,0.0,999.0,3338N08425W005,KATL,2603191247,2607301244EST,,"ATL HARTSFIELD/JACKSON ATLANTA INTL, ATLANTA, GA.
ILS OR LOC RWY 9L, AMDT 11...
RADAR OR DME REQUIRED EXCEPT FOR ACFT EQUIPPED WITH SUITABLE RNAV SYSTEM WITH GPS.
VDP NA.
I-HZK DME OUT OF SERVICE.",navaid,advisory
KATL-6-1903,"Q) KZTL/QXXXX/I/NBO/A/000/999/3338N08425W025
A) KATL
B) 2603201937
C) 2610301935EST
E) IAP HARTSFIELD/JACKSON ATLANTA INTL, ATLANTA, GA.
ILS RWY 8L (CAT II-III), AMDT 6 ...
S-ILS 8L CAT II NA EXCEPT FOR AIRCRAFT WITH RADIO ALTIMETER. I-HFW INNER MARKER OUT OF SERVICE.",KATL,KZTL/QXXXX/I/NBO/A/000/999/3338N08425W025,KZTL,QXXXX,I,NBO,A,0.0,999.0,3338N08425W025,KATL,2603201937,2610301935EST,,"IAP HARTSFIELD/JACKSON ATLANTA INTL, ATLANTA, GA.
ILS RWY 8L (CAT II-III), AMDT 6 ...
S-ILS 8L CAT II NA EXCEPT FOR AIRCRAFT WITH RADIO ALTIMETER. I-HFW INNER MARKER OUT OF SERVICE.",navaid,advisory
KATL-6-1906,"Q) KZTL/QXXXX/I/NBO/A/000/999/3338N08425W025
A) KATL
B) 2603201942
C) 2610301939EST
E) IAP HARTSFIELD/JACKSON ATLANTA INTL, ATLANTA, GA.
ILS RWY 28 (CAT II), AMDT 5 ...
S-ILS 28 CAT II NA EXCEPT FOR AIRCRAFT WITH RADIO ALTIMETER. I-PKU INNER MARKER OUT OF SERVICE.",KATL,KZTL/QXXXX/I/NBO/A/000/999/3338N08425W025,KZTL,QXXXX,I,NBO,A,0.0,999.0,3338N08425W025,KATL,2603201942,2610301939EST,,"IAP HARTSFIELD/JACKSON ATLANTA INTL, ATLANTA, GA.
ILS RWY 28 (CAT II), AMDT 5 ...
S-ILS 28 CAT II NA EXCEPT FOR AIRCRAFT WITH RADIO ALTIMETER. I-PKU INNER MARKER OUT OF SERVICE.",navaid,advisory
KATL-6-1924,"Q) KZTL/QXXXX/I/NBO/A/000/999/3338N08425W025
A) KATL
B) 2603201954
C) 2610301953EST
E) IAP HARTSFIELD/JACKSON ATLANTA INTL, ATLANTA, GA.
ILS RWY 27L (CAT II), AMDT 19 ...
PROCEDURE NA EXCEPT FOR ACFT EQUIPPED WITH RADIO ALITMETER. I-FSQ INNER MARKER OUT OF SERVICE.",KATL,KZTL/QXXXX/I/NBO/A/000/999/3338N08425W025,KZTL,QXXXX,I,NBO,A,0.0,999.0,3338N08425W025,KATL,2603201954,2610301953EST,,"IAP HARTSFIELD/JACKSON ATLANTA INTL, ATLANTA, GA.
ILS RWY 27L (CAT II), AMDT 19 ...
PROCEDURE NA EXCEPT FOR ACFT EQUIPPED WITH RADIO ALITMETER. I-FSQ INNER MARKER OUT OF SERVICE.",navaid,advisory
KATL-6-1928,"Q) KZTL/QXXXX/I/NBO/A/000/999/3338N08425W025
A) KATL
B) 2603201955
C) 2610301955EST
E) IAP HARTSFIELD/JACKSON ATLANTA INTL, ATLANTA, GA.
ILS RWY 9R (CAT II-III), AMDT 20 ...
CAT II NA EXCEPT FOR AIRCRAFT EQUIPPED WITH RADIO ALTIMETER. I-FUN INNER MARKER OUT OF SERVICE.",KATL,KZTL/QXXXX/I/NBO/A/000/999/3338N08425W025,KZTL,QXXXX,I,NBO,A,0.0,999.0,3338N08425W025,KATL,2603201955,2610301955EST,,"IAP HARTSFIELD/JACKSON ATLANTA INTL, ATLANTA, GA.
ILS RWY 9R (CAT II-III), AMDT 20 ...
CAT II NA EXCEPT FOR AIRCRAFT EQUIPPED WITH RADIO ALTIMETER. I-FUN INNER MARKER OUT OF SERVICE.",navaid,advisory
KATL-6-5305,"Q) KZTL/QPIXX/I/NBO/A/000/999/3338N08425W005
A) KATL
B) 2603280514
C) 2611070514EST
E) ATL HARTSFIELD/JACKSON ATLANTA INTL, ATLANTA, GA.
RNAV (GPS) RWY 9R, AMDT 4B...
LNAV/VNAV DA 1516/HAT 490 ALL CATS, VIS ALL CATS RVR 5000. LNAV MDA 1620/HAT 594 ALL CATS, VIS CATS C/D 1 1/4. VDP 1.6 NM TO RW09R. TEMPORARY CRANE 1305 MSL 3585FT N OF RWY 9R (2025-ASO-3650-NRA). TEMPORARY CRANES UP TO 1268 MSL 2966FT N OF RWY 9R (2024-ASO-5839 THRU 5843-NRA).",KATL,KZTL/QPIXX/I/NBO/A/000/999/3338N08425W005,KZTL,QPIXX,I,NBO,A,0.0,999.0,3338N08425W005,KATL,2603280514,2611070514EST,,"ATL HARTSFIELD/JACKSON ATLANTA INTL, ATLANTA, GA.
RNAV (GPS) RWY 9R, AMDT 4B...
LNAV/VNAV DA 1516/HAT 490 ALL CATS, VIS ALL CATS RVR 5000. LNAV MDA 1620/HAT 594 ALL CATS, VIS CATS C/D 1 1/4. VDP 1.6 NM TO RW09R. TEMPORARY CRANE 1305 MSL 3585FT N OF RWY 9R (2025-ASO-3650-NRA). TEMPORARY CRANES UP TO 1268 MSL 2966FT N OF RWY 9R (2024-ASO-5839 THRU 5843-NRA).",navaid,advisory
KATL-6-5307,"Q) KZTL/QPIXX/I/NBO/A/000/999/3338N08425W005
A) KATL
B) 2603280515
C) 2611070515EST
E) ATL HARTSFIELD/JACKSON ATLANTA INTL, ATLANTA, GA.
RNAV (GPS) RWY 8R, AMDT 5...
LNAV/VNAV DA 1516/HAT 492 ALL CATS, VIS ALL CATS 1 3/8. LNAV MDA 1620/HAT 596 ALL CATS, VIS CATS C/D 1 3/4. VDP 1.7NM TO RW08R. TEMPORARY CRANE 1305 MSL 3981FT SW OF RWY 8R (2025-ASO-3650-NRA). TEMPORARY CRANES UP TO 1268 MSL 4010FT SW OF RWY 8R (2024-ASO-5839 THRU 5843-NRA).",KATL,KZTL/QPIXX/I/NBO/A/000/999/3338N08425W005,KZTL,QPIXX,I,NBO,A,0.0,999.0,3338N08425W005,KATL,2603280515,2611070515EST,,"ATL HARTSFIELD/JACKSON ATLANTA INTL, ATLANTA, GA.
RNAV (GPS) RWY 8R, AMDT 5...
LNAV/VNAV DA 1516/HAT 492 ALL CATS, VIS ALL CATS 1 3/8. LNAV MDA 1620/HAT 596 ALL CATS, VIS CATS C/D 1 3/4. VDP 1.7NM TO RW08R. TEMPORARY CRANE 1305 MSL 3981FT SW OF RWY 8R (2025-ASO-3650-NRA). TEMPORARY CRANES UP TO 1268 MSL 4010FT SW OF RWY 8R (2024-ASO-5839 THRU 5843-NRA).",navaid,advisory
KATL-6-5309,"Q) KZTL/QPIXX/I/NBO/A/000/999/3338N08425W005
A) KATL
B) 2603280516
C) 2611070516EST
E) ATL HARTSFIELD/JACKSON ATLANTA INTL, ATLANTA, GA.
RNAV (GPS) RWY 09L, AMDT 4D...
LPV DA 1444/HAT 425 ALL CATS, VIS ALL CATS 1 1/4. LNAV/VNAV DA 1516/HAT 497 ALL CATS, VIS ALL CATS 1 3/8. LNAV MDA 1620/HAT 601 ALL CATS, VIS CATS C/D 1 3/4. VDP 1.7 NM TO RW09L. TEMPORARY CRANE 1305 MSL 2552FT N OF RWY 9L (2025-ASO-3650-NRA). TEMPORARY CRANES UP TO 1268 MSL 2354FT N OF RWY 9L (2024-ASO-5839 THRU 5843-NRA).",KATL,KZTL/QPIXX/I/NBO/A/000/999/3338N08425W005,KZTL,QPIXX,I,NBO,A,0.0,999.0,3338N08425W005,KATL,2603280516,2611070516EST,,"ATL HARTSFIELD/JACKSON ATLANTA INTL, ATLANTA, GA.
RNAV (GPS) RWY 09L, AMDT 4D...
LPV DA 1444/HAT 425 ALL CATS, VIS ALL CATS 1 1/4. LNAV/VNAV DA 1516/HAT 497 ALL CATS, VIS ALL CATS 1 3/8. LNAV MDA 1620/HAT 601 ALL CATS, VIS CATS C/D 1 3/4. VDP 1.7 NM TO RW09L. TEMPORARY CRANE 1305 MSL 2552FT N OF RWY 9L (2025-ASO-3650-NRA). TEMPORARY CRANES UP TO 1268 MSL 2354FT N OF RWY 9L (2024-ASO-5839 THRU 5843-NRA).",navaid,advisory
KATL-6-5311,"Q) KZTL/QPIXX/I/NBO/A/000/999/3338N08425W005
A) KATL
B) 2603280517
C) 2611070516EST
E) ATL HARTSFIELD/JACKSON ATLANTA INTL, ATLANTA, GA.
RNAV (GPS) Y RWY 08L, AMDT 4A...
LNAV/VNAV DA 1516/HAT 501 ALL CATS, VIS ALL CATS RVR 5500. LNAV MDA 1620/HAT 605 ALL CATS, VIS CATS C/D 1 3/8. VDP 1.7 NM TO RW08L. CHANGE NOTE TO READ: FOR INOP ALSF-2, INCREASE LNAV/VNAV ALL CATS VISIBILITY TO 1 3/8 SM AND LNAV CAT C/D VISIBILITY TO 1 3/4 SM. TEMPORARY CRANE 1305 MSL 4393FT SW OF RWY 8L (2025-ASO-3650-NRA). TEMPORARY CRANES UP TO 1268 MSL 4043FT SW OF RWY 8L (2024-ASO-5839 THRU 5843-NRA).",KATL,KZTL/QPIXX/I/NBO/A/000/999/3338N08425W005,KZTL,QPIXX,I,NBO,A,0.0,999.0,3338N08425W005,KATL,2603280517,2611070516EST,,"ATL HARTSFIELD/JACKSON ATLANTA INTL, ATLANTA, GA.
RNAV (GPS) Y RWY 08L, AMDT 4A...
LNAV/VNAV DA 1516/HAT 501 ALL CATS, VIS ALL CATS RVR 5500. LNAV MDA 1620/HAT 605 ALL CATS, VIS CATS C/D 1 3/8. VDP 1.7 NM TO RW08L. CHANGE NOTE TO READ: FOR INOP ALSF-2, INCREASE LNAV/VNAV ALL CATS VISIBILITY TO 1 3/8 SM AND LNAV CAT C/D VISIBILITY TO 1 3/4 SM. TEMPORARY CRANE 1305 MSL 4393FT SW OF RWY 8L (2025-ASO-3650-NRA). TEMPORARY CRANES UP TO 1268 MSL 4043FT SW OF RWY 8L (2024-ASO-5839 THRU 5843-NRA).",navaid,advisory
KATL-03-437,"03/437 NOTAMN 
Q) KZTL/QOBXX/IV/M//000//3338N08425W005 
A) KATL 
B) 2603311951 
C) 2608311200 
E) CRANE (ASN 2025-ASO-10025-NRA) 333744N0842609W (0.6NM SW ATL) 1152FT (155FT AGL) FLAGGED AND LGTD",KATL,KZTL/QOBXX/IV/M//000//3338N08425W005,KZTL,QOBXX,IV,M,,0.0,,3338N08425W005,KATL,2603311951,2608311200,,CRANE (ASN 2025-ASO-10025-NRA) 333744N0842609W (0.6NM SW ATL) 1152FT (155FT AGL) FLAGGED AND LGTD,lighting,advisory
KATL-05-127,"05/127 NOTAMN 
 Q) KZTL/QOLAS/IV/M/E/000/014/3338N08425W005 
 A) KATL 
 B) 2605121422 
 C) 2608032359 
 E) TOWER LGT (ASR 1293650) 333711.10N0844012.40W (12.2NM W ATL) 1378.9FT (419.9FT AGL) U/S",KATL,KZTL/QOLAS/IV/M/E/000/014/3338N08425W005,KZTL,QOLAS,IV,M,E,0.0,14.0,3338N08425W005,KATL,2605121422,2608032359,,TOWER LGT (ASR 1293650) 333711.10N0844012.40W (12.2NM W ATL) 1378.9FT (419.9FT AGL) U/S,lighting,advisory
KATL-05-379,"05/379 NOTAMR 
Q) KZTL/QICAS/IV/NBO/A/000/999/3338N08425W025 
A) KATL 
B) 2605270923 
C) 2610152359EST 

E) ILS RWY 10 IM U/S",KATL,KZTL/QICAS/IV/NBO/A/000/999/3338N08425W025,KZTL,QICAS,IV,NBO,A,0.0,999.0,3338N08425W025,KATL,2605270923,2610152359EST,,ILS RWY 10 IM U/S,navaid,critical
KATL-06-069,"06/069 NOTAMN 
 Q) KZTL/QOLAS/IV/M/AE/000/014/3338N08425W005 
 A) KATL 
 B) 2606071408 
 C) 2607221407 
 E) TOWER LGT (ASR 1301422) 333552.18N0842853.79W (3.6NM SW ATL) 1336FT (398FT AGL) U/S",KATL,KZTL/QOLAS/IV/M/AE/000/014/3338N08425W005,KZTL,QOLAS,IV,M,AE,0.0,14.0,3338N08425W005,KATL,2606071408,2607221407,,TOWER LGT (ASR 1301422) 333552.18N0842853.79W (3.6NM SW ATL) 1336FT (398FT AGL) U/S,lighting,advisory
KATL-06-142,"06/142 NOTAMN 
 Q) KZTL/QOLAS/IV/M/E/000/014/3338N08425W005 
 A) KATL 
 B) 2606101432 
 C) 2609081432 
 E) TOWER LGT (ASR 1019384) 333406.40N0843431.00W (8.5NM WSW ATL) 1306.1FT (264.1FT AGL) U/S",KATL,KZTL/QOLAS/IV/M/E/000/014/3338N08425W005,KZTL,QOLAS,IV,M,E,0.0,14.0,3338N08425W005,KATL,2606101432,2609081432,,TOWER LGT (ASR 1019384) 333406.40N0843431.00W (8.5NM WSW ATL) 1306.1FT (264.1FT AGL) U/S,lighting,advisory
KORD-12-117,"12/117 NOTAMR 
Q) KZAU/QICAS/IV/NBO/A/000/999/4158N08754W025 
A) KORD 
B) 2512221444 
C) 2612312359EST 

E) ILS RWY 09R IM U/S",KORD,KZAU/QICAS/IV/NBO/A/000/999/4158N08754W025,KZAU,QICAS,IV,NBO,A,0.0,999.0,4158N08754W025,KORD,2512221444,2612312359EST,,ILS RWY 09R IM U/S,navaid,critical
KORD-12-334,"12/334 NOTAMR 
Q) KZAU/QLPAS/IV/BO/A/000/999/4158N08754W005 
A) KORD 
B) 2512301215 
C) 2612312359EST 

E) RWY 27R PAPI U/S",KORD,KZAU/QLPAS/IV/BO/A/000/999/4158N08754W005,KZAU,QLPAS,IV,BO,A,0.0,999.0,4158N08754W005,KORD,2512301215,2612312359EST,,RWY 27R PAPI U/S,runway,critical
KORD-12-335,"12/335 NOTAMR 
Q) KZAU/QLPAS/IV/BO/A/000/999/4158N08754W005 
A) KORD 
B) 2512301217 
C) 2612312359EST 

E) RWY 09L PAPI U/S",KORD,KZAU/QLPAS/IV/BO/A/000/999/4158N08754W005,KZAU,QLPAS,IV,BO,A,0.0,999.0,4158N08754W005,KORD,2512301217,2612312359EST,,RWY 09L PAPI U/S,runway,critical
KORD-12-336,"12/336 NOTAMR 
Q) KZAU/QICAS/IV/NBO/A/000/999/4158N08754W025 
A) KORD 
B) 2512301220 
C) 2612312359EST 

E) ILS RWY 09L IM U/S",KORD,KZAU/QICAS/IV/NBO/A/000/999/4158N08754W025,KZAU,QICAS,IV,NBO,A,0.0,999.0,4158N08754W025,KORD,2512301220,2612312359EST,,ILS RWY 09L IM U/S,navaid,critical
KORD-12-337,"12/337 NOTAMR 
Q) KZAU/QICAS/IV/NBO/A/000/999/4158N08754W025 
A) KORD 
B) 2512301233 
C) 2612312359EST 

E) ILS RWY 09C IM U/S",KORD,KZAU/QICAS/IV/NBO/A/000/999/4158N08754W025,KZAU,QICAS,IV,NBO,A,0.0,999.0,4158N08754W025,KORD,2512301233,2612312359EST,,ILS RWY 09C IM U/S,navaid,critical
KORD-12-339,"12/339 NOTAMN 
Q) KZAU/QIIAS/IV/B/A/000/999/4158N08754W025 
A) KORD 
B) 2512301307 
C) 2612312359 

E) ILS RWY 10C IM U/S",KORD,KZAU/QIIAS/IV/B/A/000/999/4158N08754W025,KZAU,QIIAS,IV,B,A,0.0,999.0,4158N08754W025,KORD,2512301307,2612312359,,ILS RWY 10C IM U/S,navaid,critical
KORD-6-0947,"Q) KZAU/QPIXX/I/NBO/A/000/999/4158N08754W005
A) KORD
B) 2601061731
C) 2608181731EST
E) ORD CHICAGO O'HARE INTL, CHICAGO, IL.
RNAV (GPS) Y RWY 10R, ORIG-B...
LNAV MDA 1160/HAT 480 ALL CATS, VIS CAT C/D RVR 5000. 
VDP NA.
FOR INOP ALS, INCREASE LNAV/VNAV ALL CATS VISIBILITY AND LNAV CATS C/D VISIBILITY TO 1 3/8 SM. 
TEMPORARY CRANES, UP TO 846 MSL, 1808FT SE OF RWY 10R (2024-AGL-15036 THRU 15042-NRA).",KORD,KZAU/QPIXX/I/NBO/A/000/999/4158N08754W005,KZAU,QPIXX,I,NBO,A,0.0,999.0,4158N08754W005,KORD,2601061731,2608181731EST,,"ORD CHICAGO O'HARE INTL, CHICAGO, IL.
RNAV (GPS) Y RWY 10R, ORIG-B...
LNAV MDA 1160/HAT 480 ALL CATS, VIS CAT C/D RVR 5000. 
VDP NA.
FOR INOP ALS, INCREASE LNAV/VNAV ALL CATS VISIBILITY AND LNAV CATS C/D VISIBILITY TO 1 3/8 SM. 
TEMPORARY CRANES, UP TO 846 MSL, 1808FT SE OF RWY 10R (2024-AGL-15036 THRU 15042-NRA).",navaid,advisory
KORD-01-863,"01/863 NOTAMR 
Q) KZAU/QICAS/IV/NBO/A/000/999/4158N08754W025 
A) KORD 
B) 2601221245 
C) 2612302111EST 

E) ILS RWY 10L IM U/S",KORD,KZAU/QICAS/IV/NBO/A/000/999/4158N08754W025,KZAU,QICAS,IV,NBO,A,0.0,999.0,4158N08754W025,KORD,2601221245,2612302111EST,,ILS RWY 10L IM U/S,navaid,critical
KORD-01-864,"01/864 NOTAMR 
Q)ZAU/QXXXX/IV/NBO/A/000/999/4158N08754W005 
A) KORD 
B) 2601221251 
C) 2612302359 
E) NAV ILS RWY 10R(Z) IM U/S",KORD,ZAU/QXXXX/IV/NBO/A/000/999/4158N08754W005,ZAU,QXXXX,IV,NBO,A,0.0,999.0,4158N08754W005,KORD,2601221251,2612302359,,NAV ILS RWY 10R(Z) IM U/S,navaid,critical
KORD-01-865,"01/865 NOTAMR 
Q) KZAU/QICAS/IV/NBO/A/000/999/4158N08754W025 
A) KORD 
B) 2601221442 
C) 2612312111EST 

E) ILS RWY 27L IM U/S",KORD,KZAU/QICAS/IV/NBO/A/000/999/4158N08754W025,KZAU,QICAS,IV,NBO,A,0.0,999.0,4158N08754W025,KORD,2601221442,2612312111EST,,ILS RWY 27L IM U/S,navaid,critical
KORD-01-866,"01/866 NOTAMR 
Q) KZAU/QICAS/IV/NBO/A/000/999/4158N08754W025 
A) KORD 
B) 2601221443 
C) 2612312111EST 

E) ILS RWY 28C IM U/S",KORD,KZAU/QICAS/IV/NBO/A/000/999/4158N08754W025,KZAU,QICAS,IV,NBO,A,0.0,999.0,4158N08754W025,KORD,2601221443,2612312111EST,,ILS RWY 28C IM U/S,navaid,critical
KORD-01-867,"01/867 NOTAMR 
Q) KZAU/QICAS/IV/NBO/A/000/999/4158N08754W025 
A) KORD 
B) 2601221444 
C) 2612312111EST 

E) ILS RWY 28R IM U/S",KORD,KZAU/QICAS/IV/NBO/A/000/999/4158N08754W025,KZAU,QICAS,IV,NBO,A,0.0,999.0,4158N08754W025,KORD,2601221444,2612312111EST,,ILS RWY 28R IM U/S,navaid,critical
KORD-02-845,"02/845 NOTAMN 
Q) KZAU/QMXLC/IV/M/A/000/999/4158N08754W005 
A) KORD 
B) 2602240847 
C) 2609291200 

E) TWY A BTN TWY U AND TXL SP CLSDTXL SPRSTRCTN>0? TO|",KORD,KZAU/QMXLC/IV/M/A/000/999/4158N08754W005,KZAU,QMXLC,IV,M,A,0.0,999.0,4158N08754W005,KORD,2602240847,2609291200,,TWY A BTN TWY U AND TXL SP CLSDTXL SPRSTRCTN>0? TO|,taxiway,advisory
KORD-02-846,"02/846 NOTAMN 
Q) KZAU/QMXLC/IV/M/A/000/999/4158N08754W005 
A) KORD 
B) 2602240847 
C) 2609301200 

E) TWY A5 BTN TWY A AND TWY B CLSDTWY BRSTRCTN>0? TO|",KORD,KZAU/QMXLC/IV/M/A/000/999/4158N08754W005,KZAU,QMXLC,IV,M,A,0.0,999.0,4158N08754W005,KORD,2602240847,2609301200,,TWY A5 BTN TWY A AND TWY B CLSDTWY BRSTRCTN>0? TO|,taxiway,advisory
KORD-03-095,"03/095 NOTAMN 
Q) KZAU/QIIAS/IV/B/A/000/999/4158N08754W025 
A) KORD 
B) 2603041253 
C) 2710242111EST 

E) ILS RWY 27R IM U/S",KORD,KZAU/QIIAS/IV/B/A/000/999/4158N08754W025,KZAU,QIIAS,IV,B,A,0.0,999.0,4158N08754W025,KORD,2603041253,2710242111EST,,ILS RWY 27R IM U/S,navaid,critical
KORD-6-5708,"Q) KZAU/QPIXX/I/NBO/A/000/999/4158N08754W005
A) KORD
B) 2603301217
C) 2611091217EST
E) ORD CHICAGO O'HARE INTL, CHICAGO, IL.
RNAV (GPS) RWY 9L, AMDT 4...
LNAV/VNAV DA 1100/HAT 432 ALL CATS, VIS ALL CATS RVR 4000. EXCEPT WHEN ADVISED BY ATCT THAT THIS CRANE IS DOWN. TEMPORARY CRANE 840 MSL, 6911 FT W OF RWY 9L (2025-AGL-3331-OE).",KORD,KZAU/QPIXX/I/NBO/A/000/999/4158N08754W005,KZAU,QPIXX,I,NBO,A,0.0,999.0,4158N08754W005,KORD,2603301217,2611091217EST,,"ORD CHICAGO O'HARE INTL, CHICAGO, IL.
RNAV (GPS) RWY 9L, AMDT 4...
LNAV/VNAV DA 1100/HAT 432 ALL CATS, VIS ALL CATS RVR 4000. EXCEPT WHEN ADVISED BY ATCT THAT THIS CRANE IS DOWN. TEMPORARY CRANE 840 MSL, 6911 FT W OF RWY 9L (2025-AGL-3331-OE).",navaid,advisory
KORD-6-5972,"Q) KZAU/QPIXX/I/NBO/A/000/999/4158N08754W005
A) KORD
B) 2603302022
C) 2611092022EST
E) ORD CHICAGO O'HARE INTL, CHICAGO, IL.
RNAV (GPS) Z RWY 10R, ORIG-A...
LPV DA 944/HAT 264 ALL CATS. VISIBILITY RVR 2000 ALL CATS. 
TEMPORARY CRANES, UP TO 846 MSL, BEGINNING 1808FT SE OF RWY 10R (2024-AGL-15026 THRU 15039-NRA).",KORD,KZAU/QPIXX/I/NBO/A/000/999/4158N08754W005,KZAU,QPIXX,I,NBO,A,0.0,999.0,4158N08754W005,KORD,2603302022,2611092022EST,,"ORD CHICAGO O'HARE INTL, CHICAGO, IL.
RNAV (GPS) Z RWY 10R, ORIG-A...
LPV DA 944/HAT 264 ALL CATS. VISIBILITY RVR 2000 ALL CATS. 
TEMPORARY CRANES, UP TO 846 MSL, BEGINNING 1808FT SE OF RWY 10R (2024-AGL-15026 THRU 15039-NRA).",navaid,advisory
KORD-6-6108,"Q) KZAU/QPIXX/I/NBO/A/000/999/4158N08754W005
A) KORD
B) 2604272208
C) 2612072206EST
E) ORD CHICAGO O'HARE INTL, CHICAGO, IL.
RNAV (GPS) RWY 4R, AMDT 1D...
LNAV/VNAV DA 1056/HAT 395 ALL CATS, VISIBILITY RVR 3500 ALL CATS. LNAV MDA 1160/HAT 499 ALL CATS, VDP 1.35 NM TO RW04R. FOR INOPERATIVE ALS, INCREASE LNAV CATS C/D VISIBILITY TO 1 3/8. TEMPORARY CRANE 845 MSL, 4873FT W OF RWY 4R (2024-AGL-15027/15028/15029-NRA). TEMPORARY CRANE 822 MSL 7342FT SW OF 10R (2025-AGL-8827-OE). TEMPORARY CRANE 788 MSL, 5934FT SW OF RWY 4R (2024-AGL-13315-OE). TEMPORARY CRANE 841 MSL 5090FT SW OF RWY 4R (2024-AGL-15026-15033-NRA).",KORD,KZAU/QPIXX/I/NBO/A/000/999/4158N08754W005,KZAU,QPIXX,I,NBO,A,0.0,999.0,4158N08754W005,KORD,2604272208,2612072206EST,,"ORD CHICAGO O'HARE INTL, CHICAGO, IL.
RNAV (GPS) RWY 4R, AMDT 1D...
LNAV/VNAV DA 1056/HAT 395 ALL CATS, VISIBILITY RVR 3500 ALL CATS. LNAV MDA 1160/HAT 499 ALL CATS, VDP 1.35 NM TO RW04R. FOR INOPERATIVE ALS, INCREASE LNAV CATS C/D VISIBILITY TO 1 3/8. TEMPORARY CRANE 845 MSL, 4873FT W OF RWY 4R (2024-AGL-15027/15028/15029-NRA). TEMPORARY CRANE 822 MSL 7342FT SW OF 10R (2025-AGL-8827-OE). TEMPORARY CRANE 788 MSL, 5934FT SW OF RWY 4R (2024-AGL-13315-OE). TEMPORARY CRANE 841 MSL 5090FT SW OF RWY 4R (2024-AGL-15026-15033-NRA).",navaid,advisory
KORD-6-9322,"Q) KZAU/QPIXX/I/NBO/A/000/999/4158N08754W005
A) KORD
B) 2605111419
C) 2608051418EST
E) ORD CHICAGO O'HARE INTL, CHICAGO, IL.
ILS OR LOC RWY 22R, AMDT 10...
RNAV (GPS) RWY 22R, AMDT 2C...
DISREGARD NOTE: LNAV PROCEDURE NA DURING SIMULTANEOUS OPERATIONS.
I-RXZ ILS OR GLIDESLOPE OUT OF SERVICE..",KORD,KZAU/QPIXX/I/NBO/A/000/999/4158N08754W005,KZAU,QPIXX,I,NBO,A,0.0,999.0,4158N08754W005,KORD,2605111419,2608051418EST,,"ORD CHICAGO O'HARE INTL, CHICAGO, IL.
ILS OR LOC RWY 22R, AMDT 10...
RNAV (GPS) RWY 22R, AMDT 2C...
DISREGARD NOTE: LNAV PROCEDURE NA DURING SIMULTANEOUS OPERATIONS.
I-RXZ ILS OR GLIDESLOPE OUT OF SERVICE..",navaid,advisory
KORD-05-542,"05/542 NOTAMR 
Q) KZAU/QMXLC/IV/M/A/000/999/4158N08754W005 
A) KORD 
B) 2605141133 
C) 2607311200 

E) TWY SS1 BTN TWY MM AND TWY SS CLSDTWY SSRSTRCTN>0? TO| ACFT WINGSPAN MORE THAN 225FT",KORD,KZAU/QMXLC/IV/M/A/000/999/4158N08754W005,KZAU,QMXLC,IV,M,A,0.0,999.0,4158N08754W005,KORD,2605141133,2607311200,,TWY SS1 BTN TWY MM AND TWY SS CLSDTWY SSRSTRCTN>0? TO| ACFT WINGSPAN MORE THAN 225FT,taxiway,advisory
KORD-05-543,"05/543 NOTAMR 
Q) KZAU/QMXLC/IV/M/A/000/999/4158N08754W005 
A) KORD 
B) 2605141134 
C) 2607311200 

E) TWY SS BTN TWY A AND TWY J CLSDTWY JRSTRCTN>0? TO| ACFT WINGSPAN MORE THAN 225FT",KORD,KZAU/QMXLC/IV/M/A/000/999/4158N08754W005,KZAU,QMXLC,IV,M,A,0.0,999.0,4158N08754W005,KORD,2605141134,2607311200,,TWY SS BTN TWY A AND TWY J CLSDTWY JRSTRCTN>0? TO| ACFT WINGSPAN MORE THAN 225FT,taxiway,advisory
KORD-6-0329,"Q) KZAU/QPIXX/I/NBO/A/000/999/4158N08754W005
A) KORD
B) 2605131743
C) 2612231728EST
E) ORD CHICAGO O'HARE INTL, CHICAGO, IL.
RNAV (GPS) RWY 4R, AMDT 1D...
PROFILE NOTE: VGSI AND RNAV GLIDEPATH NOT COINCIDENT (VGSI ANGLE 3.00/TCH 67).",KORD,KZAU/QPIXX/I/NBO/A/000/999/4158N08754W005,KZAU,QPIXX,I,NBO,A,0.0,999.0,4158N08754W005,KORD,2605131743,2612231728EST,,"ORD CHICAGO O'HARE INTL, CHICAGO, IL.
RNAV (GPS) RWY 4R, AMDT 1D...
PROFILE NOTE: VGSI AND RNAV GLIDEPATH NOT COINCIDENT (VGSI ANGLE 3.00/TCH 67).",navaid,advisory
KORD-6-0330,"Q) KZAU/QPIXX/I/NBO/A/000/999/4158N08754W005
A) KORD
B) 2605131823
C) 2612231822EST
E) ORD CHICAGO O'HARE INTL, CHICAGO, IL.
RNAV (GPS) RWY 9L, AMDT 4...
PROFILE NOTE: VGSI AND RNAV GLIDEPATH NOT COINCIDENT (VGSI ANGLE 3.00/TCH 69).",KORD,KZAU/QPIXX/I/NBO/A/000/999/4158N08754W005,KZAU,QPIXX,I,NBO,A,0.0,999.0,4158N08754W005,KORD,2605131823,2612231822EST,,"ORD CHICAGO O'HARE INTL, CHICAGO, IL.
RNAV (GPS) RWY 9L, AMDT 4...
PROFILE NOTE: VGSI AND RNAV GLIDEPATH NOT COINCIDENT (VGSI ANGLE 3.00/TCH 69).",navaid,advisory
KORD-6-0331,"Q) KZAU/QPIXX/I/NBO/A/000/999/4158N08754W005
A) KORD
B) 2605131832
C) 2612231826EST
E) ORD CHICAGO O'HARE INTL, CHICAGO, IL.
ILS OR LOC RWY 9L, AMDT 4B...
ILS RWY 9L SA CAT I, AMDT 4B... ILS RWY 9L CAT II/III, AMDT 4B... PROFILE NOTE: VGSI AND ILS GLIDEPATH NOT COINCIDENT (VGSI ANGLE 3.00/TCH 69).",KORD,KZAU/QPIXX/I/NBO/A/000/999/4158N08754W005,KZAU,QPIXX,I,NBO,A,0.0,999.0,4158N08754W005,KORD,2605131832,2612231826EST,,"ORD CHICAGO O'HARE INTL, CHICAGO, IL.
ILS OR LOC RWY 9L, AMDT 4B...
ILS RWY 9L SA CAT I, AMDT 4B... ILS RWY 9L CAT II/III, AMDT 4B... PROFILE NOTE: VGSI AND ILS GLIDEPATH NOT COINCIDENT (VGSI ANGLE 3.00/TCH 69).",navaid,advisory
KBOS-5-9664,"Q) KZBW/QXXXX/I/NBO/A/000/999/4221N07100W025
A) KBOS
B) 2503052145
C) 2510152145EST
E) ODP GENERAL EDWARD LAWRENCE LOGAN INTL, BOSTON, MA.
DIVERSE VECTOR AREA (RADAR VECTORS), ORIG ...
RWY 22R, REQUIRES MINIMUM CLIMB OF 406 FT PER NM TO 1000. ALL OTHER DATA REMAINS AS PUBLISHED",KBOS,KZBW/QXXXX/I/NBO/A/000/999/4221N07100W025,KZBW,QXXXX,I,NBO,A,0.0,999.0,4221N07100W025,KBOS,2503052145,2510152145EST,,"ODP GENERAL EDWARD LAWRENCE LOGAN INTL, BOSTON, MA.
DIVERSE VECTOR AREA (RADAR VECTORS), ORIG ...
RWY 22R, REQUIRES MINIMUM CLIMB OF 406 FT PER NM TO 1000. ALL OTHER DATA REMAINS AS PUBLISHED",runway,advisory
KBOS-5-7941,"Q) KZBW/QPDCH/I/NBO/A/000/999/4221N07100W005
A) KBOS
B) 2510081405
C) 2710081405EST
E) BOS GENERAL EDWARD LAWRENCE LOGAN INTL, BOSTON, MA.
TAKEOFF MINIMUMS AND (OBSTACLE) DEPARTURE PROCEDURES AMDT 15...
NOTE: RWY 04L IN ADDITION TO EXISTING TAKEOFF OBSTACLE NOTES, ADD: TREE 3930 FT FROM DER, 1367 FT LEFT OF CENTERLINE, 172 FT MSL. TREES, SMOKESTACKS, POLES, BUILDINGS, TRAVERSE WAY BEGINNING 3972 FT FROM DER, 476 FT LEFT OF CENTERLINE, UP TO 74 FT AGL/198 FT MSL. TREES, POLE BEGINNING 4344 FT FROM DER, 1034 FT LEFT OF CENTERLINE, UP TO 202 FT MSL. TREES, POLE, BUILDING BEGINNING 4386 FT FROM DER, 755 FT LEFT OF CENTERLINE, UP TO 183 FT MSL.",KBOS,KZBW/QPDCH/I/NBO/A/000/999/4221N07100W005,KZBW,QPDCH,I,NBO,A,0.0,999.0,4221N07100W005,KBOS,2510081405,2710081405EST,,"BOS GENERAL EDWARD LAWRENCE LOGAN INTL, BOSTON, MA.
TAKEOFF MINIMUMS AND (OBSTACLE) DEPARTURE PROCEDURES AMDT 15...
NOTE: RWY 04L IN ADDITION TO EXISTING TAKEOFF OBSTACLE NOTES, ADD: TREE 3930 FT FROM DER, 1367 FT LEFT OF CENTERLINE, 172 FT MSL. TREES, SMOKESTACKS, POLES, BUILDINGS, TRAVERSE WAY BEGINNING 3972 FT FROM DER, 476 FT LEFT OF CENTERLINE, UP TO 74 FT AGL/198 FT MSL. TREES, POLE BEGINNING 4344 FT FROM DER, 1034 FT LEFT OF CENTERLINE, UP TO 202 FT MSL. TREES, POLE, BUILDING BEGINNING 4386 FT FROM DER, 755 FT LEFT OF CENTERLINE, UP TO 183 FT MSL.",navaid,advisory
KBOS-03-244,03/244 NOTAMN Q) KZBW/QOLAS/IV/M/E/000/004/4221N07100W005 A) KBOS B) 2603121246 C) 2610152359 E) TOWER LGT (ASR 1261031) 421421.80N0705752.60W (7.7NM SSE BOS) 365.8FT (358.9FT AGL) U/S,KBOS,KZBW/QOLAS/IV/M/E/000/004/4221N07100W005,KZBW,QOLAS,IV,M,E,0.0,4.0,4221N07100W005,KBOS,2603121246,2610152359,,TOWER LGT (ASR 1261031) 421421.80N0705752.60W (7.7NM SSE BOS) 365.8FT (358.9FT AGL) U/S,lighting,advisory
KBOS-04-303,"04/303 NOTAMN 
Q) KZBW/QFALC/IV/NBO/A/000/999/4221N07100W005 
A) KBOS 
B) 2604210401 
C) 2610300359 

E) AP CLSD NON-SKED TRANSIENT GA ACFT EXC 24HR 
PPR 617-561-2500",KBOS,KZBW/QFALC/IV/NBO/A/000/999/4221N07100W005,KZBW,QFALC,IV,NBO,A,0.0,999.0,4221N07100W005,KBOS,2604210401,2610300359,,"AP CLSD NON-SKED TRANSIENT GA ACFT EXC 24HR 
PPR 617-561-2500",airspace,advisory
KBOS-06-281,"06/281 NOTAMN 
Q) KZBW/QOBXX/IV/M//000//4221N07100W005 
A) KBOS 
B) 2606121023 
C) 2706301500 
E) CRANE (ASN 2024-ANE-3514-OE) 422349N0705942W (2.1NM NNE BOS) 244FT (225FT AGL) FLAGGED AND LGTD",KBOS,KZBW/QOBXX/IV/M//000//4221N07100W005,KZBW,QOBXX,IV,M,,0.0,,4221N07100W005,KBOS,2606121023,2706301500,,CRANE (ASN 2024-ANE-3514-OE) 422349N0705942W (2.1NM NNE BOS) 244FT (225FT AGL) FLAGGED AND LGTD,lighting,advisory
KBOS-6-8099,"Q) KZBW/QPDCH/I/NBO/A/000/999/4221N07100W005
A) KBOS
B) 2606132116
C) 2701232046EST
E) BOS GENERAL EDWARD LAWRENCE LOGAN INTL, BOSTON, MA.
TAKEOFF MINIMUMS AND (OBSTACLE) DEPARTURE PROCEDURES AMDT 15...
TKOF MNM: RWY 04L, INCREASE CEILING AND VISIBILITY TO 300-1 1/2 OR STD WITH MINIMUM CLIMB GRADIENT OF 369 FT PER NM TO 400.
TKOF MNM: RWY 04R, 300 - 1 1/2 OR STD WITH MINIMUM CLIMB GRADIENT OF 252 FT PER NM TO 400.
TAKEOFF OBSTACLES: RWY 04L TEMPORARY CRANE 7294 FT FROM DER 47FT RIGHT OF CL, 225FT AGL/244FT MSL.
ALL OTHER DATA REMAINS AS PUBLISHED 2024-ANE-3514-OE.",KBOS,KZBW/QPDCH/I/NBO/A/000/999/4221N07100W005,KZBW,QPDCH,I,NBO,A,0.0,999.0,4221N07100W005,KBOS,2606132116,2701232046EST,,"BOS GENERAL EDWARD LAWRENCE LOGAN INTL, BOSTON, MA.
TAKEOFF MINIMUMS AND (OBSTACLE) DEPARTURE PROCEDURES AMDT 15...
TKOF MNM: RWY 04L, INCREASE CEILING AND VISIBILITY TO 300-1 1/2 OR STD WITH MINIMUM CLIMB GRADIENT OF 369 FT PER NM TO 400.
TKOF MNM: RWY 04R, 300 - 1 1/2 OR STD WITH MINIMUM CLIMB GRADIENT OF 252 FT PER NM TO 400.
TAKEOFF OBSTACLES: RWY 04L TEMPORARY CRANE 7294 FT FROM DER 47FT RIGHT OF CL, 225FT AGL/244FT MSL.
ALL OTHER DATA REMAINS AS PUBLISHED 2024-ANE-3514-OE.",navaid,advisory
KBOS-6-8101,"Q) KZBW/QPIXX/I/NBO/A/000/999/4221N07100W005
A) KBOS
B) 2606132130
C) 2701232119EST
E) BOS GENERAL EDWARD LAWRENCE LOGAN INTL, BOSTON, MA.
RNAV (GPS) X RWY 22L, AMDT 1F...
LNAV/VNAV DA 540/HAT 524.
TEMPORARY CRANE 244FT MSL 225FT AGL 7294FT N OF APCH END RWY 22L.
2024-ANE-3514-OE.",KBOS,KZBW/QPIXX/I/NBO/A/000/999/4221N07100W005,KZBW,QPIXX,I,NBO,A,0.0,999.0,4221N07100W005,KBOS,2606132130,2701232119EST,,"BOS GENERAL EDWARD LAWRENCE LOGAN INTL, BOSTON, MA.
RNAV (GPS) X RWY 22L, AMDT 1F...
LNAV/VNAV DA 540/HAT 524.
TEMPORARY CRANE 244FT MSL 225FT AGL 7294FT N OF APCH END RWY 22L.
2024-ANE-3514-OE.",navaid,advisory
KBOS-6-8102,"Q) KZBW/QPIXX/I/NBO/A/000/999/4221N07100W005
A) KBOS
B) 2606132134
C) 2701232130EST
E) BOS GENERAL EDWARD LAWRENCE LOGAN INTL, BOSTON, MA.
RNAV (GPS) Y RWY 22L, ORIG-B...
LNAV/VNAV DA 500/HAT 484.
TEMPORARY CRANE 244FT MSL 225FT AGL 7294FT N OF APCH END RWY 22L.
2024-ANE-3514-OE.",KBOS,KZBW/QPIXX/I/NBO/A/000/999/4221N07100W005,KZBW,QPIXX,I,NBO,A,0.0,999.0,4221N07100W005,KBOS,2606132134,2701232130EST,,"BOS GENERAL EDWARD LAWRENCE LOGAN INTL, BOSTON, MA.
RNAV (GPS) Y RWY 22L, ORIG-B...
LNAV/VNAV DA 500/HAT 484.
TEMPORARY CRANE 244FT MSL 225FT AGL 7294FT N OF APCH END RWY 22L.
2024-ANE-3514-OE.",navaid,advisory
KBOS-06-176,"06/176 NOTAMN 
Q) KZBW/QLJAS/IV/NBO/A/000/999/4221N07100W005 
A) KBOS 
B) 2606151000 
C) 2607312300 
E) RWY 15R RAI LGT U/S",KBOS,KZBW/QLJAS/IV/NBO/A/000/999/4221N07100W005,KZBW,QLJAS,IV,NBO,A,0.0,999.0,4221N07100W005,KBOS,2606151000,2607312300,,RWY 15R RAI LGT U/S,runway,critical
KBOS-06-436,"06/436 NOTAMN 
Q) KZBW/QMMXX/V/M/A/000/999/4221N07100W005 
A) KBOS 
B) 2606200930 
C) 2607312359 

E) RWY 33R TWY DIRECTION SIGN AT TWY N LGT U/S",KBOS,KZBW/QMMXX/V/M/A/000/999/4221N07100W005,KZBW,QMMXX,V,M,A,0.0,999.0,4221N07100W005,KBOS,2606200930,2607312359,,RWY 33R TWY DIRECTION SIGN AT TWY N LGT U/S,runway,advisory
KBOS-06-660,"06/660 NOTAMR 
Q) KZBW/QOBXX/IV/M//000//4221N07100W005 
A) KBOS 
B) 2606291642 
C) 2608050400 
E) TOWER (ASN 2026-ANE-1402-OE) 422056N0710145W (1.3NM SW BOS) 77FT (67FT AGL) NOT LGTD",KBOS,KZBW/QOBXX/IV/M//000//4221N07100W005,KZBW,QOBXX,IV,M,,0.0,,4221N07100W005,KBOS,2606291642,2608050400,,TOWER (ASN 2026-ANE-1402-OE) 422056N0710145W (1.3NM SW BOS) 77FT (67FT AGL) NOT LGTD,lighting,advisory
KBOS-07-048,"07/048 NOTAMN 
Q) KZBW/QCAAS/IV/B/AE/000/999/4221N07100W025 
A) KBOS 
B) 2607021234 
C) 2607162359 

E) REMOTE TRANS/REC 132.225 U/S",KBOS,KZBW/QCAAS/IV/B/AE/000/999/4221N07100W025,KZBW,QCAAS,IV,B,AE,0.0,999.0,4221N07100W025,KBOS,2607021234,2607162359,,REMOTE TRANS/REC 132.225 U/S,admin,advisory
KBOS-07-095,"07/095 NOTAMN 
Q) KZBW/QMMXX/V/M/A/000/999/4221N07100W005 
A) KBOS 
B) 2607041808 
C) 2607312359 

E) TWY C TWY DIRECTION SIGN FOR TWY B LGT U/S",KBOS,KZBW/QMMXX/V/M/A/000/999/4221N07100W005,KZBW,QMMXX,V,M,A,0.0,999.0,4221N07100W005,KBOS,2607041808,2607312359,,TWY C TWY DIRECTION SIGN FOR TWY B LGT U/S,taxiway,advisory
KBOS-07-096,"07/096 NOTAMN 
Q) KZBW/QMMXX/V/M/A/000/999/4221N07100W005 
A) KBOS 
B) 2607041809 
C) 2607312359 

E) TWY B TWY DIRECTION SIGN FOR TWY C LGT U/S",KBOS,KZBW/QMMXX/V/M/A/000/999/4221N07100W005,KZBW,QMMXX,V,M,A,0.0,999.0,4221N07100W005,KBOS,2607041809,2607312359,,TWY B TWY DIRECTION SIGN FOR TWY C LGT U/S,taxiway,advisory
KBOS-6-3887,"Q) KZBW/QPIXX/I/NBO/A/000/999/4221N07100W005
A) KBOS
B) 2606291953
C) 2702081952EST
E) BOS GENERAL EDWARD LAWRENCE LOGAN INTL, BOSTON, MA.
ILS OR LOC RWY 15R, AMDT 2B...
ALTERNATE MNM NA EXCEPT FOR ACFT EQUIPPED WITH SUITABLE RNAV SYSTEM WITH GPS,
GDM VOR/DME NOT MNT.",KBOS,KZBW/QPIXX/I/NBO/A/000/999/4221N07100W005,KZBW,QPIXX,I,NBO,A,0.0,999.0,4221N07100W005,KBOS,2606291953,2702081952EST,,"BOS GENERAL EDWARD LAWRENCE LOGAN INTL, BOSTON, MA.
ILS OR LOC RWY 15R, AMDT 2B...
ALTERNATE MNM NA EXCEPT FOR ACFT EQUIPPED WITH SUITABLE RNAV SYSTEM WITH GPS,
GDM VOR/DME NOT MNT.",navaid,advisory
KBOS-07-223,"07/223 NOTAMR 
Q) KZBW/QMRLC/IV/NBO/A/000/999/4221N07100W005 
A) KBOS 
B) 2607100547 
C) 2607312359 

E) RWY 15L/33R CLSD EXC TAX 30MIN 
PPR 617-561-1919",KBOS,KZBW/QMRLC/IV/NBO/A/000/999/4221N07100W005,KZBW,QMRLC,IV,NBO,A,0.0,999.0,4221N07100W005,KBOS,2607100547,2607312359,,"RWY 15L/33R CLSD EXC TAX 30MIN 
PPR 617-561-1919",runway,advisory
KBOS-07-225,"07/225 NOTAMR 
Q) KZBW/QMMXX/V/M/A/000/999/4221N07100W005 
A) KBOS 
B) 2607100552 
C) 2607312300 

E) RWY 22L LEAD OFF CL MARKINGS AT TWY P OBSC",KBOS,KZBW/QMMXX/V/M/A/000/999/4221N07100W005,KZBW,QMMXX,V,M,A,0.0,999.0,4221N07100W005,KBOS,2607100552,2607312300,,RWY 22L LEAD OFF CL MARKINGS AT TWY P OBSC,runway,advisory
KBOS-07-226,"07/226 NOTAMR 
Q) KZBW/QMMXX/V/M/A/000/999/4221N07100W005 
A) KBOS 
B) 2607100552 
C) 2607312300 

E) RWY 04R LEAD OFF CL MARKINGS AT TWY Y OBSC",KBOS,KZBW/QMMXX/V/M/A/000/999/4221N07100W005,KZBW,QMMXX,V,M,A,0.0,999.0,4221N07100W005,KBOS,2607100552,2607312300,,RWY 04R LEAD OFF CL MARKINGS AT TWY Y OBSC,runway,advisory
KBOS-07-227,"07/227 NOTAMR 
Q) KZBW/QMMXX/V/M/A/000/999/4221N07100W005 
A) KBOS 
B) 2607100553 
C) 2607312300 

E) RWY 04R LEAD OFF CL MARKINGS AT TWY Y OBSC",KBOS,KZBW/QMMXX/V/M/A/000/999/4221N07100W005,KZBW,QMMXX,V,M,A,0.0,999.0,4221N07100W005,KBOS,2607100553,2607312300,,RWY 04R LEAD OFF CL MARKINGS AT TWY Y OBSC,runway,advisory
KBNA-01-071,"01/071 NOTAMN 
Q) KZME/QMXLC/IV/M/A/000/999/3607N08640W005 
A) KBNA 
B) 2601061400 
C) 2608122200 

E) TWY L BTN TWY B AND TWY T3 CLSDTWY T3RSTRCTN>0? TO|",KBNA,KZME/QMXLC/IV/M/A/000/999/3607N08640W005,KZME,QMXLC,IV,M,A,0.0,999.0,3607N08640W005,KBNA,2601061400,2608122200,,TWY L BTN TWY B AND TWY T3 CLSDTWY T3RSTRCTN>0? TO|,taxiway,advisory
KBNA-01-276,"01/276 NOTAMN 
Q) KZME//IV/M//000//3607N08640W005 
A) KBNA 
B) 2601152010 
C) 2612311500 
E) CRANE LGT (ASN UNKNOWN) 360811N0864008W ( 0.8NM NNE (BNAICAO))( UNKNOWN) ( 155FT AGL) FLAGGED AND LGTD",KBNA,KZME//IV/M//000//3607N08640W005,KZME,,IV,M,,0.0,,3607N08640W005,KBNA,2601152010,2612311500,,CRANE LGT (ASN UNKNOWN) 360811N0864008W ( 0.8NM NNE (BNAICAO))( UNKNOWN) ( 155FT AGL) FLAGGED AND LGTD,lighting,advisory
KBNA-6-1503,"Q) KZME/QPIXX/I/NBO/A/000/999/3607N08640W005
A) KBNA
B) 2602091552
C) 2609211536EST
E) BNA NASHVILLE INTL, NASHVILLE, TN.
RNAV (GPS) RWY 13, AMDT 1B...
LNAV/VNAV DA 986/HAT 419.",KBNA,KZME/QPIXX/I/NBO/A/000/999/3607N08640W005,KZME,QPIXX,I,NBO,A,0.0,999.0,3607N08640W005,KBNA,2602091552,2609211536EST,,"BNA NASHVILLE INTL, NASHVILLE, TN.
RNAV (GPS) RWY 13, AMDT 1B...
LNAV/VNAV DA 986/HAT 419.",navaid,advisory
KBNA-03-085,"03/085 NOTAMN 
Q) KZME//IV/M//000//3607N08640W005 
A) KBNA 
B) 2603051534 
C) 2612312300 
E) RIG LGT (ASN UNKNOWN) 360811N0864008W ( .8NM NNE (BNAICAO))( UNKNOWN) ( 40FT AGL) FLAGGED AND LGTD",KBNA,KZME//IV/M//000//3607N08640W005,KZME,,IV,M,,0.0,,3607N08640W005,KBNA,2603051534,2612312300,,RIG LGT (ASN UNKNOWN) 360811N0864008W ( .8NM NNE (BNAICAO))( UNKNOWN) ( 40FT AGL) FLAGGED AND LGTD,lighting,advisory
KBNA-03-086,"03/086 NOTAMN 
Q) KZME/QOBXX/IV/M//000//3607N08640W005 
A) KBNA 
B) 2603111100 
C) 2612312300 
E) CRANE (ASN 2025-ASO-11266-NRA) 360811N0864008W (0.8NM NNE BNA) 749FT (200FT AGL) FLAGGED AND LGTD",KBNA,KZME/QOBXX/IV/M//000//3607N08640W005,KZME,QOBXX,IV,M,,0.0,,3607N08640W005,KBNA,2603111100,2612312300,,CRANE (ASN 2025-ASO-11266-NRA) 360811N0864008W (0.8NM NNE BNA) 749FT (200FT AGL) FLAGGED AND LGTD,lighting,advisory
KBNA-6-8155,"Q) KZME/QPIXX/I/NBO/A/000/999/3607N08640W005
A) KBNA
B) 2603131448
C) 2610231448EST
E) BNA NASHVILLE INTL, NASHVILLE, TN.
RNAV (GPS) RWY 20C, ORIG-B...
LNAV MDA 1060/HAT 472 ALL CATS, VIS CATS C/D 1 3/8. VDP 1.3NM TO RW20C. TEMPORARY CRANE 753 MSL 3623FT NE OF RWY 20C (2025-ASO-6774-NRA). TEMPORARY CRANES UP TO 754 MSL 4012FT NE OF RWY 20C (2025-ASO-11266 THRU 11278-NRA).",KBNA,KZME/QPIXX/I/NBO/A/000/999/3607N08640W005,KZME,QPIXX,I,NBO,A,0.0,999.0,3607N08640W005,KBNA,2603131448,2610231448EST,,"BNA NASHVILLE INTL, NASHVILLE, TN.
RNAV (GPS) RWY 20C, ORIG-B...
LNAV MDA 1060/HAT 472 ALL CATS, VIS CATS C/D 1 3/8. VDP 1.3NM TO RW20C. TEMPORARY CRANE 753 MSL 3623FT NE OF RWY 20C (2025-ASO-6774-NRA). TEMPORARY CRANES UP TO 754 MSL 4012FT NE OF RWY 20C (2025-ASO-11266 THRU 11278-NRA).",navaid,advisory
KBNA-6-8157,"Q) KZME/QPIXX/I/NBO/A/000/999/3607N08640W005
A) KBNA
B) 2603131447
C) 2610231447EST
E) BNA NASHVILLE INTL, NASHVILLE, TN.
RNAV (RNP) Z RWY 20L, AMDT 3...
RNP 0.15 DA 963/HAT 412 ALL CATS, VIS ALL CATS RVR 4000. TEMPORARY CRANES UP TO 754 MSL 2671FT W OF RWY 20L (2025-ASO-11266 THRU 11278-NRA).",KBNA,KZME/QPIXX/I/NBO/A/000/999/3607N08640W005,KZME,QPIXX,I,NBO,A,0.0,999.0,3607N08640W005,KBNA,2603131447,2610231447EST,,"BNA NASHVILLE INTL, NASHVILLE, TN.
RNAV (RNP) Z RWY 20L, AMDT 3...
RNP 0.15 DA 963/HAT 412 ALL CATS, VIS ALL CATS RVR 4000. TEMPORARY CRANES UP TO 754 MSL 2671FT W OF RWY 20L (2025-ASO-11266 THRU 11278-NRA).",navaid,advisory
KBNA-6-8159,"Q) KZME/QPIXX/I/NBO/A/000/999/3607N08640W005
A) KBNA
B) 2603131447
C) 2610231447EST
E) BNA NASHVILLE INTL, NASHVILLE, TN.
RNAV (GPS) Y RWY 20L, AMDT 3...
LNAV/VNAV DA 965/HAT 414 ALL CATS, VIS ALL CATS RVR 4000. LNAV MDA 1060/HAT 509 ALL CATS, VIS CATS C/D RVR 5500. VDP NA. TEMPORARY CRANES UP TO 754 MSL 2671FT W OF RWY 20L (2025-ASO-11266 THRU 11278-NRA).",KBNA,KZME/QPIXX/I/NBO/A/000/999/3607N08640W005,KZME,QPIXX,I,NBO,A,0.0,999.0,3607N08640W005,KBNA,2603131447,2610231447EST,,"BNA NASHVILLE INTL, NASHVILLE, TN.
RNAV (GPS) Y RWY 20L, AMDT 3...
LNAV/VNAV DA 965/HAT 414 ALL CATS, VIS ALL CATS RVR 4000. LNAV MDA 1060/HAT 509 ALL CATS, VIS CATS C/D RVR 5500. VDP NA. TEMPORARY CRANES UP TO 754 MSL 2671FT W OF RWY 20L (2025-ASO-11266 THRU 11278-NRA).",navaid,advisory
KBNA-6-8169,"Q) KZME/QPIXX/I/NBO/A/000/999/3607N08640W005
A) KBNA
B) 2603131640
C) 2610231639EST
E) BNA NASHVILLE INTL, NASHVILLE, TN.
RNAV (GPS) Y RWY 20R, AMDT 4...
LNAV/VNAV DA 965/HAT 387 ALL CATS, VIS ALL CATS RVR 5000. LNAV MDA 1060/HAT 482 ALL CATS, VIS CATS A/B RVR 5000, CATS C/D RVR 6000. TEMPORARY CRANES UP TO 754 MSL 2753FT SE OF RWY 20R (2025-ASO-11266 THRU 11278-NRA).",KBNA,KZME/QPIXX/I/NBO/A/000/999/3607N08640W005,KZME,QPIXX,I,NBO,A,0.0,999.0,3607N08640W005,KBNA,2603131640,2610231639EST,,"BNA NASHVILLE INTL, NASHVILLE, TN.
RNAV (GPS) Y RWY 20R, AMDT 4...
LNAV/VNAV DA 965/HAT 387 ALL CATS, VIS ALL CATS RVR 5000. LNAV MDA 1060/HAT 482 ALL CATS, VIS CATS A/B RVR 5000, CATS C/D RVR 6000. TEMPORARY CRANES UP TO 754 MSL 2753FT SE OF RWY 20R (2025-ASO-11266 THRU 11278-NRA).",navaid,advisory
KBNA-6-0786,"Q) KZME/QPIXX/I/NBO/A/000/999/3607N08640W005
A) KBNA
B) 2603191244
C) 2610291244EST
E) BNA NASHVILLE INTL, NASHVILLE, TN.
ILS OR LOC RWY 20R, AMDT 13...
SIDESTEP 20C MDA 1060/HAT 472 ALL CATS. TEMPORARY CRANES UP TO 754 MSL 2753FT SE OF RWY 20R (2025-ASO-11266 THRU 11278-NRA).",KBNA,KZME/QPIXX/I/NBO/A/000/999/3607N08640W005,KZME,QPIXX,I,NBO,A,0.0,999.0,3607N08640W005,KBNA,2603191244,2610291244EST,,"BNA NASHVILLE INTL, NASHVILLE, TN.
ILS OR LOC RWY 20R, AMDT 13...
SIDESTEP 20C MDA 1060/HAT 472 ALL CATS. TEMPORARY CRANES UP TO 754 MSL 2753FT SE OF RWY 20R (2025-ASO-11266 THRU 11278-NRA).",navaid,advisory
KBNA-6-1917,"Q) KZME/QXXXX/I/NBO/A/000/999/3607N08640W025
A) KBNA
B) 2603201947
C) 2610301947EST
E) IAP NASHVILLE INTL, NASHVILLE, TN.
ILS RWY 2L (CAT II AND III), AMDT 12 ...
S-ILS 2L (CAT II) NA EXCEPT FOR AIRCRAFT EQUIPPED WITH RADIO ALTIMETER, I-BNA INNER MARKER OUT OF SERVICE",KBNA,KZME/QXXXX/I/NBO/A/000/999/3607N08640W025,KZME,QXXXX,I,NBO,A,0.0,999.0,3607N08640W025,KBNA,2603201947,2610301947EST,,"IAP NASHVILLE INTL, NASHVILLE, TN.
ILS RWY 2L (CAT II AND III), AMDT 12 ...
S-ILS 2L (CAT II) NA EXCEPT FOR AIRCRAFT EQUIPPED WITH RADIO ALTIMETER, I-BNA INNER MARKER OUT OF SERVICE",navaid,advisory
KBNA-04-028,"04/028 NOTAMN 
Q) KZME/QIIAS/IV/B/A/000/999/3607N08640W025 
A) KBNA 
B) 2604021214 
C) 2711222111EST 

E) ILS RWY 02R IM U/S",KBNA,KZME/QIIAS/IV/B/A/000/999/3607N08640W025,KZME,QIIAS,IV,B,A,0.0,999.0,3607N08640W025,KBNA,2604021214,2711222111EST,,ILS RWY 02R IM U/S,navaid,critical
KBNA-6-8610,"Q) KZME/QPDCH/I/NBO/A/000/999/3607N08640W005
A) KBNA
B) 2604061728
C) 2804061728EST
E) BNA NASHVILLE INTL, NASHVILLE, TN.
TAKEOFF MINIMUMS AND (OBSTACLE) DEPARTURE PROCEDURES AMDT 8...
TKOF MNM: RWY 02L: STANDARD WITH MINIMUM CLIMB OF 201 FT/NM TO 2600.
ALL OTHER DATA REMAINS AS PUBLISHED.",KBNA,KZME/QPDCH/I/NBO/A/000/999/3607N08640W005,KZME,QPDCH,I,NBO,A,0.0,999.0,3607N08640W005,KBNA,2604061728,2804061728EST,,"BNA NASHVILLE INTL, NASHVILLE, TN.
TAKEOFF MINIMUMS AND (OBSTACLE) DEPARTURE PROCEDURES AMDT 8...
TKOF MNM: RWY 02L: STANDARD WITH MINIMUM CLIMB OF 201 FT/NM TO 2600.
ALL OTHER DATA REMAINS AS PUBLISHED.",navaid,advisory
KBNA-6-5440,"Q) KZME/QPIXX/I/NBO/A/000/999/3607N08640W005
A) KBNA
B) 2604231635
C) 2612031635EST
E) BNA NASHVILLE INTL, NASHVILLE, TN.
ILS OR LOC RWY 20L, AMDT 7...
S-ILS 20L DA 857/HAT 306 ALL CATS, VIS ALL CATS RVR 5000. INOP TABLE DOES NOT APPLY TO S-ILS 20L. DISREGARD RVR 1800 AUTHORIZATION NOTE. TEMPORARY CRANE 682 MSL 1169FT NW OF RWY 20L (2025-ASO-1187-NRA).",KBNA,KZME/QPIXX/I/NBO/A/000/999/3607N08640W005,KZME,QPIXX,I,NBO,A,0.0,999.0,3607N08640W005,KBNA,2604231635,2612031635EST,,"BNA NASHVILLE INTL, NASHVILLE, TN.
ILS OR LOC RWY 20L, AMDT 7...
S-ILS 20L DA 857/HAT 306 ALL CATS, VIS ALL CATS RVR 5000. INOP TABLE DOES NOT APPLY TO S-ILS 20L. DISREGARD RVR 1800 AUTHORIZATION NOTE. TEMPORARY CRANE 682 MSL 1169FT NW OF RWY 20L (2025-ASO-1187-NRA).",navaid,advisory
KBNA-04-479,"04/479 NOTAMN 
 Q) KZME/QOLAS/IV/M/AE/000/008/3607N08640W005 
 A) KBNA 
 B) 2604241103 
 C) 2607240400 
 E) TOWER LGT (ASR 1038120) 360630.20N0863815.00W (2.2NM ESE BNA) 769.7FT (134.8FT AGL) U/S",KBNA,KZME/QOLAS/IV/M/AE/000/008/3607N08640W005,KZME,QOLAS,IV,M,AE,0.0,8.0,3607N08640W005,KBNA,2604241103,2607240400,,TOWER LGT (ASR 1038120) 360630.20N0863815.00W (2.2NM ESE BNA) 769.7FT (134.8FT AGL) U/S,lighting,advisory
KBNA-6-6337,"Q) KZME/QPIXX/I/NBO/A/000/999/3607N08640W005
A) KBNA
B) 2604281204
C) 2612081204EST
E) BNA NASHVILLE INTL, NASHVILLE, TN.
ILS OR LOC RWY 2L , AMDT 12...
S-LOC 2L MDA 1060/HAT 461 ALL CATS, VIS CATS C/D RVR 5000. VDP AT I-BNA 2.7 DME; DISTANCE VDP TO THLD 1.3NM. FOR INOP ALS, INCREASE S-LOC CAT C/D VISIBLITY TO 1 3/8 SM. TEMPORARY CRANES UP TO 754 MSL BEGINNING 2079FT SW OF RWY 2L (2023-ASO-7074 THRU 7080-NRA).",KBNA,KZME/QPIXX/I/NBO/A/000/999/3607N08640W005,KZME,QPIXX,I,NBO,A,0.0,999.0,3607N08640W005,KBNA,2604281204,2612081204EST,,"BNA NASHVILLE INTL, NASHVILLE, TN.
ILS OR LOC RWY 2L , AMDT 12...
S-LOC 2L MDA 1060/HAT 461 ALL CATS, VIS CATS C/D RVR 5000. VDP AT I-BNA 2.7 DME; DISTANCE VDP TO THLD 1.3NM. FOR INOP ALS, INCREASE S-LOC CAT C/D VISIBLITY TO 1 3/8 SM. TEMPORARY CRANES UP TO 754 MSL BEGINNING 2079FT SW OF RWY 2L (2023-ASO-7074 THRU 7080-NRA).",navaid,advisory
KBNA-6-6340,"Q) KZME/QPIXX/I/NBO/A/000/999/3607N08640W005
A) KBNA
B) 2604281205
C) 2612081205EST
E) BNA NASHVILLE INTL, NASHVILLE, TN.
RNAV (RNP) Z RWY 2C, AMDT 3...
RNP 0.15 DA 884/HAT 297 ALL CATS. TEMPORARY CRANES UP TO 754 MSL BEGINNING 3482FT NW OF RWY 2C (2023-ASO-7074 THRU 7080-NRA).",KBNA,KZME/QPIXX/I/NBO/A/000/999/3607N08640W005,KZME,QPIXX,I,NBO,A,0.0,999.0,3607N08640W005,KBNA,2604281205,2612081205EST,,"BNA NASHVILLE INTL, NASHVILLE, TN.
RNAV (RNP) Z RWY 2C, AMDT 3...
RNP 0.15 DA 884/HAT 297 ALL CATS. TEMPORARY CRANES UP TO 754 MSL BEGINNING 3482FT NW OF RWY 2C (2023-ASO-7074 THRU 7080-NRA).",navaid,advisory
KBNA-6-6341,"Q) KZME/QPIXX/I/NBO/A/000/999/3607N08640W005
A) KBNA
B) 2604281205
C) 2612081205EST
E) BNA NASHVILLE INTL, NASHVILLE, TN.
RNAV (RNP) Z RWY 2L, AMDT 3...
RNP 0.15 DA 996/HAT 397 ALL CATS, VIS ALL CATS RVR 5000. RNP 0.30 DA 1020/HAT 421 ALL CATS, VIS ALL CATS RVR 5000. INOPERATIVE TABLE DOES NOT APPLY TO RNP 0.15 ALL CATS. CHANGE NOTE TO READ: FOR INOP ALSF-2, INCREASE RNP 0.30 ALL CATS VISIBILITY TO 1 1/4 MILE. TEMPORARY CRANE 792FT MSL 2798FT WEST OF RWY 2L (2023-ASO-9980-NRA). TEMPORARY CRANES UP TO 754 MSL BEGINNING 2079FT SW OF RWY 2L (2023-ASO-7074 THRU 7080-NRA). TEMPORARY CRANES UP TO 675 MSL 2850FT SE OF RWY 2L (2024-ASO-2409 THRU 2412-NRA).",KBNA,KZME/QPIXX/I/NBO/A/000/999/3607N08640W005,KZME,QPIXX,I,NBO,A,0.0,999.0,3607N08640W005,KBNA,2604281205,2612081205EST,,"BNA NASHVILLE INTL, NASHVILLE, TN.
RNAV (RNP) Z RWY 2L, AMDT 3...
RNP 0.15 DA 996/HAT 397 ALL CATS, VIS ALL CATS RVR 5000. RNP 0.30 DA 1020/HAT 421 ALL CATS, VIS ALL CATS RVR 5000. INOPERATIVE TABLE DOES NOT APPLY TO RNP 0.15 ALL CATS. CHANGE NOTE TO READ: FOR INOP ALSF-2, INCREASE RNP 0.30 ALL CATS VISIBILITY TO 1 1/4 MILE. TEMPORARY CRANE 792FT MSL 2798FT WEST OF RWY 2L (2023-ASO-9980-NRA). TEMPORARY CRANES UP TO 754 MSL BEGINNING 2079FT SW OF RWY 2L (2023-ASO-7074 THRU 7080-NRA). TEMPORARY CRANES UP TO 675 MSL 2850FT SE OF RWY 2L (2024-ASO-2409 THRU 2412-NRA).",navaid,advisory
KBNA-6-6482,"Q) KZME/QPIXX/I/NBO/A/000/999/3607N08640W005
A) KBNA
B) 2512041738
C) 2607161738EST
E) BNA NASHVILLE INTL, NASHVILLE, TN.
ILS OR LOC RWY 20L, AMDT 7...
MISSED APPROACH: CLIMB TO 1300 THEN CLIMBING LEFT TURN TO 3000 DIRECT SYI VOR/DME AND HOLD,
BNA VOR U/S.",KBNA,KZME/QPIXX/I/NBO/A/000/999/3607N08640W005,KZME,QPIXX,I,NBO,A,0.0,999.0,3607N08640W005,KBNA,2512041738,2607161738EST,,"BNA NASHVILLE INTL, NASHVILLE, TN.
ILS OR LOC RWY 20L, AMDT 7...
MISSED APPROACH: CLIMB TO 1300 THEN CLIMBING LEFT TURN TO 3000 DIRECT SYI VOR/DME AND HOLD,
BNA VOR U/S.",navaid,critical
KBNA-6-6483,"Q) KZME/QPIXX/I/NBO/A/000/999/3607N08640W005
A) KBNA
B) 2601281743
C) 2609091743EST
E) BNA NASHVILLE INTL, NASHVILLE, TN.
ILS OR LOC RWY 2R , AMDT 9...
ILS RWY 2R (SA CAT I), AMDT 9...
ILS RWY 2R (CAT II AND III), AMDT 9...
MISSED APPROACH: CLIMB TO 1300 THEN CLIMBING RIGHT TURN TO 3000 DIRECT SYI VOR/DME AND HOLD,
BNA VOR U/S.",KBNA,KZME/QPIXX/I/NBO/A/000/999/3607N08640W005,KZME,QPIXX,I,NBO,A,0.0,999.0,3607N08640W005,KBNA,2601281743,2609091743EST,,"BNA NASHVILLE INTL, NASHVILLE, TN.
ILS OR LOC RWY 2R , AMDT 9...
ILS RWY 2R (SA CAT I), AMDT 9...
ILS RWY 2R (CAT II AND III), AMDT 9...
MISSED APPROACH: CLIMB TO 1300 THEN CLIMBING RIGHT TURN TO 3000 DIRECT SYI VOR/DME AND HOLD,
BNA VOR U/S.",navaid,critical
KBNA-6-6486,"Q) KZME/QPIAU/I/NBO/A/000/999/3607N08640W005
A) KBNA
B) 2604281725
C) 2702261725EST
E) BNA NASHVILLE INTL, NASHVILLE, TN.
ILS OR LOC RWY 20R, AMDT 13...
PROCEDURE NA EXCEPT FOR ACFT EQUIPPED WITH SUITABLE RNAV SYSTEM WITH GPS,
BNA VOR U/S.",KBNA,KZME/QPIAU/I/NBO/A/000/999/3607N08640W005,KZME,QPIAU,I,NBO,A,0.0,999.0,3607N08640W005,KBNA,2604281725,2702261725EST,,"BNA NASHVILLE INTL, NASHVILLE, TN.
ILS OR LOC RWY 20R, AMDT 13...
PROCEDURE NA EXCEPT FOR ACFT EQUIPPED WITH SUITABLE RNAV SYSTEM WITH GPS,
BNA VOR U/S.",navaid,critical
KBNA-6-6487,"Q) KZME/QPIXX/I/NBO/A/000/999/3607N08640W005
A) KBNA
B) 2604281726
C) 2702261726EST
E) BNA NASHVILLE INTL, NASHVILLE, TN.
ILS OR LOC RWY 2L , AMDT 12...
ILS RWY 2L (SA CAT I), AMDT 12...
ILS RWY 2L (CAT II AND III), AMDT 12...
PROCEDURE NA EXCEPT FOR ACFT EQUIPPED WITH SUITABLE RNAV SYSTEM WITH GPS,
BNA VOR U/S.",KBNA,KZME/QPIXX/I/NBO/A/000/999/3607N08640W005,KZME,QPIXX,I,NBO,A,0.0,999.0,3607N08640W005,KBNA,2604281726,2702261726EST,,"BNA NASHVILLE INTL, NASHVILLE, TN.
ILS OR LOC RWY 2L , AMDT 12...
ILS RWY 2L (SA CAT I), AMDT 12...
ILS RWY 2L (CAT II AND III), AMDT 12...
PROCEDURE NA EXCEPT FOR ACFT EQUIPPED WITH SUITABLE RNAV SYSTEM WITH GPS,
BNA VOR U/S.",navaid,critical
KBNA-6-6489,"Q) KZME/QPIAU/I/NBO/A/000/999/3607N08640W005
A) KBNA
B) 2604281727
C) 2702261727EST
E) BNA NASHVILLE INTL, NASHVILLE, TN.
ILS OR LOC RWY 2C, AMDT 3...
PROCEDURE NA EXCEPT FOR ACFT EQUIPPED WITH SUITABLE RNAV SYSTEM WITH GPS,
BNA VOR U/S.",KBNA,KZME/QPIAU/I/NBO/A/000/999/3607N08640W005,KZME,QPIAU,I,NBO,A,0.0,999.0,3607N08640W005,KBNA,2604281727,2702261727EST,,"BNA NASHVILLE INTL, NASHVILLE, TN.
ILS OR LOC RWY 2C, AMDT 3...
PROCEDURE NA EXCEPT FOR ACFT EQUIPPED WITH SUITABLE RNAV SYSTEM WITH GPS,
BNA VOR U/S.",navaid,critical
KBNA-6-6490,"Q) KZME/QPIAU/I/NBO/A/000/999/3607N08640W005
A) KBNA
B) 2604281728
C) 2702261727EST
E) BNA NASHVILLE INTL, NASHVILLE, TN.
ILS OR LOC RWY 31, AMDT 11...
PROCEDURE NA EXCEPT FOR ACFT EQUIPPED WITH SUITABLE RNAV SYSTEM WITH GPS,
BNA VOR U/S.",KBNA,KZME/QPIAU/I/NBO/A/000/999/3607N08640W005,KZME,QPIAU,I,NBO,A,0.0,999.0,3607N08640W005,KBNA,2604281728,2702261727EST,,"BNA NASHVILLE INTL, NASHVILLE, TN.
ILS OR LOC RWY 31, AMDT 11...
PROCEDURE NA EXCEPT FOR ACFT EQUIPPED WITH SUITABLE RNAV SYSTEM WITH GPS,
BNA VOR U/S.",navaid,critical
KBNA-04-605,"04/605 NOTAMR 
Q) KZME/QICAS/IV/NBO/A/000/999/3607N08640W025 
A) KBNA 
B) 2604301145 
C) 2611062000EST 

E) ILS RWY 02L IM U/S",KBNA,KZME/QICAS/IV/NBO/A/000/999/3607N08640W025,KZME,QICAS,IV,NBO,A,0.0,999.0,3607N08640W025,KBNA,2604301145,2611062000EST,,ILS RWY 02L IM U/S,navaid,critical
KASE-6-1394,"Q) KZDV/QPIXX/I/NBO/A/000/999/3913N10652W005
A) KASE
B) 2602091402
C) 2802091402EST
E) ASE ASPEN-PITKIN COUNTY/SARDY FLD, ASPEN, CO.
RNAV (GPS) Z RWY 15, ORIG--A...
LNAV MDA 9340/1603 HAT ALL CATS.",KASE,KZDV/QPIXX/I/NBO/A/000/999/3913N10652W005,KZDV,QPIXX,I,NBO,A,0.0,999.0,3913N10652W005,KASE,2602091402,2802091402EST,,"ASE ASPEN-PITKIN COUNTY/SARDY FLD, ASPEN, CO.
RNAV (GPS) Z RWY 15, ORIG--A...
LNAV MDA 9340/1603 HAT ALL CATS.",navaid,advisory
KASE-04-059,"04/059 NOTAMN 
Q) KZDV/QLTXX/IV/BO/A/000/999/3913N10652W005 
A) KASE 
B) 2604031555 
C) 2607310600 

E) RWY 33 RTHL NOT STD",KASE,KZDV/QLTXX/IV/BO/A/000/999/3913N10652W005,KZDV,QLTXX,IV,BO,A,0.0,999.0,3913N10652W005,KASE,2604031555,2607310600,,RWY 33 RTHL NOT STD,runway,advisory
KASE-6-1380,"Q) KZDV/QPIXX/I/NBO/A/000/999/3913N10652W005
A) KASE
B) 2605190351
C) 2612290351EST
E) ASE ASPEN-PITKIN COUNTY/SARDY FLD, ASPEN, CO.
RNAV (GPS)-F, ORIG-B...
CIRCLING CAT B MDA 10280/HAA 2442, CAT C MDA 11020/HAA 3182.
DISREGARD NOTE: VISIBILITY REDUCTION BY HELICOPTERS NA
NOTE: RWY 33 HELICOPTER VISIBILITY REDUCTION BELOW 1 SM NOT AUTHORIZED.",KASE,KZDV/QPIXX/I/NBO/A/000/999/3913N10652W005,KZDV,QPIXX,I,NBO,A,0.0,999.0,3913N10652W005,KASE,2605190351,2612290351EST,,"ASE ASPEN-PITKIN COUNTY/SARDY FLD, ASPEN, CO.
RNAV (GPS)-F, ORIG-B...
CIRCLING CAT B MDA 10280/HAA 2442, CAT C MDA 11020/HAA 3182.
DISREGARD NOTE: VISIBILITY REDUCTION BY HELICOPTERS NA
NOTE: RWY 33 HELICOPTER VISIBILITY REDUCTION BELOW 1 SM NOT AUTHORIZED.",navaid,advisory
KASE-6-1381,"Q) KZDV/QPIXX/I/NBO/A/000/999/3913N10652W005
A) KASE
B) 2605190353
C) 2612290353EST
E) ASE ASPEN-PITKIN COUNTY/SARDY FLD, ASPEN, CO.
LOC/DME-E, AMDT 1C...
CIRCLING CAT B MDA 10280/HAA 2442, CAT C MDA 11020/HAA 3182.
NOTE: RWY 33 HELICOPTER VISIBILITY REDUCTION BELOW 1 SM NOT AUTHORIZED.",KASE,KZDV/QPIXX/I/NBO/A/000/999/3913N10652W005,KZDV,QPIXX,I,NBO,A,0.0,999.0,3913N10652W005,KASE,2605190353,2612290353EST,,"ASE ASPEN-PITKIN COUNTY/SARDY FLD, ASPEN, CO.
LOC/DME-E, AMDT 1C...
CIRCLING CAT B MDA 10280/HAA 2442, CAT C MDA 11020/HAA 3182.
NOTE: RWY 33 HELICOPTER VISIBILITY REDUCTION BELOW 1 SM NOT AUTHORIZED.",navaid,advisory
KASE-06-009,"06/009 NOTAMN 
Q) KZDV/QMMXX/V/M/A/000/999/3913N10652W005 
A) KASE 
B) 2606041257 
C) 2607310500 

E) RWY 15/33 SFC MARKINGS NOT STD",KASE,KZDV/QMMXX/V/M/A/000/999/3913N10652W005,KZDV,QMMXX,V,M,A,0.0,999.0,3913N10652W005,KASE,2606041257,2607310500,,RWY 15/33 SFC MARKINGS NOT STD,runway,advisory
KOSH-06-021,"06/021 NOTAMN 
 Q) KZAU/QOLAS/IV/M/E/000/012/4359N08833W005 
 A) KOSH 
 B) 2606120832 
 C) 2607270832 
 E) TOWER LGT (ASR 1292580) 435322.20N0884315.10W (9.1NM SW OSH) 1158.8FT (259.8FT AGL) U/S",KOSH,KZAU/QOLAS/IV/M/E/000/012/4359N08833W005,KZAU,QOLAS,IV,M,E,0.0,12.0,4359N08833W005,KOSH,2606120832,2607270832,,TOWER LGT (ASR 1292580) 435322.20N0884315.10W (9.1NM SW OSH) 1158.8FT (259.8FT AGL) U/S,lighting,advisory
KOSH-06-022,"06/022 NOTAMR 
Q) KZAU/QMXLC/IV/M/A/000/999/4359N08833W005 
A) KOSH 
B) 2606121430 
C) 2607311700 

E) TWY C BTN TWY C2 AND TWY C3 CLSDTWY C3RSTRCTN>0? TO|",KOSH,KZAU/QMXLC/IV/M/A/000/999/4359N08833W005,KZAU,QMXLC,IV,M,A,0.0,999.0,4359N08833W005,KOSH,2606121430,2607311700,,TWY C BTN TWY C2 AND TWY C3 CLSDTWY C3RSTRCTN>0? TO|,taxiway,advisory
KOSH-06-040,"06/040 NOTAMR 
Q) KZAU/QICAS/IV/NBO/A/000/999/4359N08833W025 
A) KOSH 
B) 2606292339 
C) 2712032000EST 

E) ILS RWY 36 OM U/S",KOSH,KZAU/QICAS/IV/NBO/A/000/999/4359N08833W025,KZAU,QICAS,IV,NBO,A,0.0,999.0,4359N08833W025,KOSH,2606292339,2712032000EST,,ILS RWY 36 OM U/S,navaid,critical
KOSH-06-039,"06/039 NOTAMN 
Q) KZAU/QMRLC/IV/NBO/A/000/999/4359N08833W005 
A) KOSH 
B) 2606301100 
C) 2608072100 

E) RWY 05/23 CLSD EXC TAX",KOSH,KZAU/QMRLC/IV/NBO/A/000/999/4359N08833W005,KZAU,QMRLC,IV,NBO,A,0.0,999.0,4359N08833W005,KOSH,2606301100,2608072100,,RWY 05/23 CLSD EXC TAX,runway,advisory
KOSH-6-1966,"Q) KZAU/QPIXX/I/NBO/A/000/999/4359N08833W005
A) KOSH
B) 2606301725
C) 2702091725EST
E) OSH WITTMAN RGNL, OSHKOSH, WI.
ILS OR LOC RWY 36, AMDT 7D...
S-LOC 36: DME REQUIRED EXCEPT FOR AIRCRAFT EQUIPPED WITH SUITABLE RNAV SYSTEM WITH GPS, POBER (OS) LOM OUT OF SERVICE.",KOSH,KZAU/QPIXX/I/NBO/A/000/999/4359N08833W005,KZAU,QPIXX,I,NBO,A,0.0,999.0,4359N08833W005,KOSH,2606301725,2702091725EST,,"OSH WITTMAN RGNL, OSHKOSH, WI.
ILS OR LOC RWY 36, AMDT 7D...
S-LOC 36: DME REQUIRED EXCEPT FOR AIRCRAFT EQUIPPED WITH SUITABLE RNAV SYSTEM WITH GPS, POBER (OS) LOM OUT OF SERVICE.",navaid,advisory
KOSH-6-2275,"Q) KZAU/QPIXX/I/NBO/A/000/999/4359N08833W005
A) KOSH
B) 2606302243
C) 2702092243EST
E) OSH WITTMAN RGNL, OSHKOSH, WI.
ILS OR LOC RWY 36, AMDT 7D...
LOC BC RWY 18, AMDT 7C...
VOR RWY 18, AMDT 8C...
VOR RWY 27, AMDT 5B...
VOR RWY 36, AMDT 17B...
VOR RWY 9, AMDT 10C...
ALTERNATE MNM NA EXCEPT FOR ACFT EQUIPPED WITH SUITABLE RNAV SYSTEM WITH GPS,
OSH VORTAC NOT MNT.",KOSH,KZAU/QPIXX/I/NBO/A/000/999/4359N08833W005,KZAU,QPIXX,I,NBO,A,0.0,999.0,4359N08833W005,KOSH,2606302243,2702092243EST,,"OSH WITTMAN RGNL, OSHKOSH, WI.
ILS OR LOC RWY 36, AMDT 7D...
LOC BC RWY 18, AMDT 7C...
VOR RWY 18, AMDT 8C...
VOR RWY 27, AMDT 5B...
VOR RWY 36, AMDT 17B...
VOR RWY 9, AMDT 10C...
ALTERNATE MNM NA EXCEPT FOR ACFT EQUIPPED WITH SUITABLE RNAV SYSTEM WITH GPS,
OSH VORTAC NOT MNT.",navaid,advisory
KOSH-07-004,"07/004 NOTAMN 
 Q) KZAU/QOLAS/IV/M/E/000/015/4359N08833W005 
 A) KOSH 
 B) 2607060659 
 C) 2610040659 
 E) TOWER LGT (ASR 1039441) 435624.90N0885605.30W (16.5NM W OSH) 1452.1FT (503.0FT AGL) U/S",KOSH,KZAU/QOLAS/IV/M/E/000/015/4359N08833W005,KZAU,QOLAS,IV,M,E,0.0,15.0,4359N08833W005,KOSH,2607060659,2610040659,,TOWER LGT (ASR 1039441) 435624.90N0885605.30W (16.5NM W OSH) 1452.1FT (503.0FT AGL) U/S,lighting,advisory
KOSH-07-002,"07/002 NOTAMN 
Q) KZAU/QMRLC/IV/NBO/A/000/999/4359N08833W005 
A) KOSH 
B) 2607061100 
C) 2608072200 

E) RWY 13/31 CLSD EXC TAX",KOSH,KZAU/QMRLC/IV/NBO/A/000/999/4359N08833W005,KZAU,QMRLC,IV,NBO,A,0.0,999.0,4359N08833W005,KOSH,2607061100,2608072200,,RWY 13/31 CLSD EXC TAX,runway,advisory
KOSH-07-005,"07/005 NOTAMN 
Q) KZAU/QMXLC/IV/M/A/000/999/4359N08833W005 
A) KOSH 
B) 2607061448 
C) 2608072200 

E) TWY C3 CLSD",KOSH,KZAU/QMXLC/IV/M/A/000/999/4359N08833W005,KZAU,QMXLC,IV,M,A,0.0,999.0,4359N08833W005,KOSH,2607061448,2608072200,,TWY C3 CLSD,taxiway,critical
KOSH-07-010,"07/010 NOTAMR 
Q)ZAU/QIXAS/IV/BO/A/000/999/4359N08833W005 
A) KOSH 
B) 2607070911 
C) 2607212000EST 
E) ILS RWY 36 POBER LOM U/S",KOSH,ZAU/QIXAS/IV/BO/A/000/999/4359N08833W005,ZAU,QIXAS,IV,BO,A,0.0,999.0,4359N08833W005,KOSH,2607070911,2607212000EST,,ILS RWY 36 POBER LOM U/S,runway,critical
KOSH-07-013,"07/013 NOTAMN 
Q) KZAU/QMMXX/V/M/A/000/999/4359N08833W005 
A) KOSH 
B) 2607071940 
C) 2607161700 

E) TWY A CL MARKINGS BTN TWY A1 AND TWY A6 NOT STD",KOSH,KZAU/QMMXX/V/M/A/000/999/4359N08833W005,KZAU,QMMXX,V,M,A,0.0,999.0,4359N08833W005,KOSH,2607071940,2607161700,,TWY A CL MARKINGS BTN TWY A1 AND TWY A6 NOT STD,taxiway,advisory
KOSH-07-014,"07/014 NOTAMN 
Q) KZAU/QMMXX/V/M/A/000/999/4359N08833W005 
A) KOSH 
B) 2607071941 
C) 2607161700 

E) TWY A6 HLDG PSN MARKINGS NOT STD",KOSH,KZAU/QMMXX/V/M/A/000/999/4359N08833W005,KZAU,QMMXX,V,M,A,0.0,999.0,4359N08833W005,KOSH,2607071941,2607161700,,TWY A6 HLDG PSN MARKINGS NOT STD,taxiway,advisory
KOSH-07-018,"07/018 NOTAMN 
Q) KZAU/QMMXX/V/M/A/000/999/4359N08833W005 
A) KOSH 
B) 2607081833 
C) 2607161700 

E) TWY D HLDG PSN MARKINGS FOR TWY A NOT STD",KOSH,KZAU/QMMXX/V/M/A/000/999/4359N08833W005,KZAU,QMMXX,V,M,A,0.0,999.0,4359N08833W005,KOSH,2607081833,2607161700,,TWY D HLDG PSN MARKINGS FOR TWY A NOT STD,taxiway,advisory
KOSH-07-027,"07/027 NOTAMN 
Q) KZAU/QMMXX/V/M/A/000/999/4359N08833W005 
A) KOSH 
B) 2607091334 
C) 2607161700 

E) TWY A SFC MARKINGS BTN TWY A1 AND TWY A6 NOT STD",KOSH,KZAU/QMMXX/V/M/A/000/999/4359N08833W005,KZAU,QMMXX,V,M,A,0.0,999.0,4359N08833W005,KOSH,2607091334,2607161700,,TWY A SFC MARKINGS BTN TWY A1 AND TWY A6 NOT STD,taxiway,advisory
KOSH-07-036,"07/036 NOTAMN 
Q) KZAU/QMMXX/V/M/A/000/999/4359N08833W005 
A) KOSH 
B) 2607101645 
C) 2607161700 

E) RWY 18/36 SFC MARKINGS NOT STD",KOSH,KZAU/QMMXX/V/M/A/000/999/4359N08833W005,KZAU,QMMXX,V,M,A,0.0,999.0,4359N08833W005,KOSH,2607101645,2607161700,,RWY 18/36 SFC MARKINGS NOT STD,runway,advisory
KOSH-07-044,"07/044 NOTAMN 
Q) KZAU/QMMXX/V/M/A/000/999/4359N08833W005 
A) KOSH 
B) 2607160900 
C) 2607161700 

E) RWY 18 SIGNS NOT STD",KOSH,KZAU/QMMXX/V/M/A/000/999/4359N08833W005,KZAU,QMMXX,V,M,A,0.0,999.0,4359N08833W005,KOSH,2607160900,2607161700,,RWY 18 SIGNS NOT STD,runway,advisory
KOSH-07-045,"07/045 NOTAMN 
Q) KZAU/QMMXX/V/M/A/000/999/4359N08833W005 
A) KOSH 
B) 2607160900 
C) 2607161700 

E) RWY 36 SIGNS NOT STD",KOSH,KZAU/QMMXX/V/M/A/000/999/4359N08833W005,KZAU,QMMXX,V,M,A,0.0,999.0,4359N08833W005,KOSH,2607160900,2607161700,,RWY 36 SIGNS NOT STD,runway,advisory
KOSH-07-046,"07/046 NOTAMN 
Q) KZAU/QMMXX/V/M/A/000/999/4359N08833W005 
A) KOSH 
B) 2607160900 
C) 2607161700 

E) TWY P, P1, P2, P3, P4, P5 SIGNS NOT STD",KOSH,KZAU/QMMXX/V/M/A/000/999/4359N08833W005,KZAU,QMMXX,V,M,A,0.0,999.0,4359N08833W005,KOSH,2607160900,2607161700,,"TWY P, P1, P2, P3, P4, P5 SIGNS NOT STD",taxiway,advisory
KOSH-07-047,"07/047 NOTAMN 
Q) KZAU/QMMXX/V/M/A/000/999/4359N08833W005 
A) KOSH 
B) 2607160900 
C) 2607161700 

E) TWY A, A1, A2, A3, A4, A5, A6, D SIGNS NOT STD",KOSH,KZAU/QMMXX/V/M/A/000/999/4359N08833W005,KZAU,QMMXX,V,M,A,0.0,999.0,4359N08833W005,KOSH,2607160900,2607161700,,"TWY A, A1, A2, A3, A4, A5, A6, D SIGNS NOT STD",taxiway,advisory
KOSH-07-020,"07/020 NOTAMN 
Q) KZAU/QICAS/IV/NBO/A/000/999/4359N08833W025 
A) KOSH 
B) 2607161130 
C) 2607302330 

E) ILS RWY 36 U/S",KOSH,KZAU/QICAS/IV/NBO/A/000/999/4359N08833W025,KZAU,QICAS,IV,NBO,A,0.0,999.0,4359N08833W025,KOSH,2607161130,2607302330,,ILS RWY 36 U/S,runway,critical
KOSH-07-022,"07/022 NOTAMN 
Q) KZAU/QLAAS/IV/NBO/A/000/999/4359N08833W005 
A) KOSH 
B) 2607161130 
C) 2607302330 
E) RWY 36 MEDIUM INTST ALS WITH RAI LGT U/S",KOSH,KZAU/QLAAS/IV/NBO/A/000/999/4359N08833W005,KZAU,QLAAS,IV,NBO,A,0.0,999.0,4359N08833W005,KOSH,2607161130,2607302330,,RWY 36 MEDIUM INTST ALS WITH RAI LGT U/S,runway,critical
KOSH-07-026,"07/026 NOTAMN 
Q) KZAU/QLPAS/IV/BO/A/000/999/4359N08833W005 
A) KOSH 
B) 2607161130 
C) 2607302330 

E) RWY 36 PAPI U/S",KOSH,KZAU/QLPAS/IV/BO/A/000/999/4359N08833W005,KZAU,QLPAS,IV,BO,A,0.0,999.0,4359N08833W005,KOSH,2607161130,2607302330,,RWY 36 PAPI U/S,runway,critical
KOSH-07-025,"07/025 NOTAMN 
Q) KZAU/QLPAS/IV/BO/A/000/999/4359N08833W005 
A) KOSH 
B) 2607161130 
C) 2607302330 

E) RWY 09 PAPI U/S",KOSH,KZAU/QLPAS/IV/BO/A/000/999/4359N08833W005,KZAU,QLPAS,IV,BO,A,0.0,999.0,4359N08833W005,KOSH,2607161130,2607302330,,RWY 09 PAPI U/S,runway,critical
KOSH-07-024,"07/024 NOTAMN 
Q) KZAU/QLPAS/IV/BO/A/000/999/4359N08833W005 
A) KOSH 
B) 2607161130 
C) 2607302330 

E) RWY 27 PAPI U/S",KOSH,KZAU/QLPAS/IV/BO/A/000/999/4359N08833W005,KZAU,QLPAS,IV,BO,A,0.0,999.0,4359N08833W005,KOSH,2607161130,2607302330,,RWY 27 PAPI U/S,runway,critical
KOSH-07-023,"07/023 NOTAMN 
Q) KZAU/QLPAS/IV/BO/A/000/999/4359N08833W005 
A) KOSH 
B) 2607161130 
C) 2607302330 

E) RWY 18 PAPI U/S",KOSH,KZAU/QLPAS/IV/BO/A/000/999/4359N08833W005,KZAU,QLPAS,IV,BO,A,0.0,999.0,4359N08833W005,KOSH,2607161130,2607302330,,RWY 18 PAPI U/S,runway,critical
KOSH-07-021,"07/021 NOTAMN 
Q) KZAU/QLIAS/IV/BO/A/000/999/4359N08833W005 
A) KOSH 
B) 2607161130 
C) 2607302330 

E) RWY 27 RWY END ID LGT 
 U/S",KOSH,KZAU/QLIAS/IV/BO/A/000/999/4359N08833W005,KZAU,QLIAS,IV,BO,A,0.0,999.0,4359N08833W005,KOSH,2607161130,2607302330,,"RWY 27 RWY END ID LGT 
 U/S",runway,critical
KACK-03-142,"03/142 NOTAMR 
Q) KZBW/QCAAS/IV/B/AE/000/999/4116N07001W025 
A) ACK 
B) 2603311847 
C) 2610012111EST 
E) VOR VOICE U/S",KACK,KZBW/QCAAS/IV/B/AE/000/999/4116N07001W025,KZBW,QCAAS,IV,B,AE,0.0,999.0,4116N07001W025,ACK,2603311847,2610012111EST,,VOR VOICE U/S,navaid,critical
KACK-04-132,"04/132 NOTAMR 
Q) KZBW/QLIAS/IV/BO/A/000/999/4115N07003W005 
A) KACK 
B) 2604292053 
C) 2609022359EST 

E) RWY 15 RWY END ID LGT 
 U/S",KACK,KZBW/QLIAS/IV/BO/A/000/999/4115N07003W005,KZBW,QLIAS,IV,BO,A,0.0,999.0,4115N07003W005,KACK,2604292053,2609022359EST,,"RWY 15 RWY END ID LGT 
 U/S",runway,critical
KACK-07-034,"07/034 NOTAMN 
Q) KZBW/QCTAS/I/B/A/000/999/4115N07003W005 
A) KACK 
B) 2607151500 
C) 2607152100 
E) TAR/SSR U/S",KACK,KZBW/QCTAS/I/B/A/000/999/4115N07003W005,KZBW,QCTAS,I,B,A,0.0,999.0,4115N07003W005,KACK,2607151500,2607152100,,TAR/SSR U/S,navaid,critical
KMVY-4-0924,"Q) KZBW/QPIXX/I/NBO/A/000/999/4123N07036W005
A) KMVY
B) 2409261627
C) 2609251626EST
E) MVY MARTHA'S VINEYARD, VINEYARD HAVEN, MA.
ILS OR LOC RWY 24, AMDT 3C...
VOR RWY 6, AMDT 2B...
MSA 180 DEGREES INBOUND CW 090 DEGREES INBOUND MINIMUM ALTITUDE 1900. PERM WINDMILL 837FT MSL 22.1 NM SOUTHEAST OF MVY AIRPORT (2023-WTE-4908-OE).",KMVY,KZBW/QPIXX/I/NBO/A/000/999/4123N07036W005,KZBW,QPIXX,I,NBO,A,0.0,999.0,4123N07036W005,KMVY,2409261627,2609251626EST,,"MVY MARTHA'S VINEYARD, VINEYARD HAVEN, MA.
ILS OR LOC RWY 24, AMDT 3C...
VOR RWY 6, AMDT 2B...
MSA 180 DEGREES INBOUND CW 090 DEGREES INBOUND MINIMUM ALTITUDE 1900. PERM WINDMILL 837FT MSL 22.1 NM SOUTHEAST OF MVY AIRPORT (2023-WTE-4908-OE).",navaid,advisory
KMVY-6-4626,"Q) KZBW/QPIXX/I/NBO/A/000/999/4123N07036W005
A) KMVY
B) 2603061626
C) 2803071625EST
E) MVY MARTHA'S VINEYARD, VINEYARD HAVEN, MA.
ILS OR LOC RWY 24, AMDT 3C...
AUTOPILOT COUPLED APPROACH NA BELOW 400.",KMVY,KZBW/QPIXX/I/NBO/A/000/999/4123N07036W005,KZBW,QPIXX,I,NBO,A,0.0,999.0,4123N07036W005,KMVY,2603061626,2803071625EST,,"MVY MARTHA'S VINEYARD, VINEYARD HAVEN, MA.
ILS OR LOC RWY 24, AMDT 3C...
AUTOPILOT COUPLED APPROACH NA BELOW 400.",navaid,advisory
KMVY-03-033,"03/033 NOTAMR 
Q) KZBW/QMMXX/V/M/A/000/999/4123N07036W005 
A) KMVY 
B) 2603121435 
C) 2610301800EST 

E) TWY ALL SFC PAINTED HLDG PSN SIGNS FADED",KMVY,KZBW/QMMXX/V/M/A/000/999/4123N07036W005,KZBW,QMMXX,V,M,A,0.0,999.0,4123N07036W005,KMVY,2603121435,2610301800EST,,TWY ALL SFC PAINTED HLDG PSN SIGNS FADED,taxiway,advisory
KMVY-04-023,"04/023 NOTAMN 
Q) KZBW/QMMXX/V/M/A/000/999/4123N07036W005 
A) KMVY 
B) 2604151507 
C) 2610301500EST 

E) COMMERCIAL GA RAMP NONMOVEMENT AREA BDRY MARKINGS NOT STD",KMVY,KZBW/QMMXX/V/M/A/000/999/4123N07036W005,KZBW,QMMXX,V,M,A,0.0,999.0,4123N07036W005,KMVY,2604151507,2610301500EST,,COMMERCIAL GA RAMP NONMOVEMENT AREA BDRY MARKINGS NOT STD,other,advisory
KMVY-07-020,"07/020 NOTAMN 
Q) KZBW/QMMXX/V/M/A/000/999/4123N07036W005 
A) KMVY 
B) 2607140332 
C) 2607250330 

E) RWY 06 2000FT DIST REMAINING SIGN RIGHT SIDE NOT STD",KMVY,KZBW/QMMXX/V/M/A/000/999/4123N07036W005,KZBW,QMMXX,V,M,A,0.0,999.0,4123N07036W005,KMVY,2607140332,2607250330,,RWY 06 2000FT DIST REMAINING SIGN RIGHT SIDE NOT STD,runway,advisory
KMVY-07-021,"07/021 NOTAMN 
Q) KZBW/QMMXX/V/M/A/000/999/4123N07036W005 
A) KMVY 
B) 2607140334 
C) 2607250330 

E) RWY 24 3000FT DIST REMAINING SIGN LEFT SIDE NOT STD",KMVY,KZBW/QMMXX/V/M/A/000/999/4123N07036W005,KZBW,QMMXX,V,M,A,0.0,999.0,4123N07036W005,KMVY,2607140334,2607250330,,RWY 24 3000FT DIST REMAINING SIGN LEFT SIDE NOT STD,runway,advisory
KMVY-07-022,"07/022 NOTAMN 
Q) KZBW/QMMXX/V/M/A/000/999/4123N07036W005 
A) KMVY 
B) 2607140335 
C) 2607250330 

E) TWY C HLDG PSN SIGN FOR RWY 6/24 RIGHT SIDE NOT STD",KMVY,KZBW/QMMXX/V/M/A/000/999/4123N07036W005,KZBW,QMMXX,V,M,A,0.0,999.0,4123N07036W005,KMVY,2607140335,2607250330,,TWY C HLDG PSN SIGN FOR RWY 6/24 RIGHT SIDE NOT STD,taxiway,advisory
KMVY-07-023,"07/023 NOTAMN 
Q) KZBW/QMMXX/V/M/A/000/999/4123N07036W005 
A) KMVY 
B) 2607140350 
C) 2607250330 

E) RWY 15 TWY DIRECTION SIGN AT TWY A FOR TWY A LEFT SIDE NOT STD",KMVY,KZBW/QMMXX/V/M/A/000/999/4123N07036W005,KZBW,QMMXX,V,M,A,0.0,999.0,4123N07036W005,KMVY,2607140350,2607250330,,RWY 15 TWY DIRECTION SIGN AT TWY A FOR TWY A LEFT SIDE NOT STD,runway,advisory
KMVY-07-018,"07/018 NOTAMR 
Q) KZBW/QOBXX/IV/M//000//4123N07036W005 
A) KMVY 
B) 2607161100 
C) 2607162100EST 
E) CRANE (ASN 2025-ANE-1378-NRA) 412324N0703641W (0.2NM SSE MVY) 205FT (150FT AGL) FLAGGED",KMVY,KZBW/QOBXX/IV/M//000//4123N07036W005,KZBW,QOBXX,IV,M,,0.0,,4123N07036W005,KMVY,2607161100,2607162100EST,,CRANE (ASN 2025-ANE-1378-NRA) 412324N0703641W (0.2NM SSE MVY) 205FT (150FT AGL) FLAGGED,lighting,advisory
KEGE-12-128,"12/128 NOTAMR 
Q) KZDV//V/M/A/000/999/3938N10654W005 
A) KEGE 
B) 2512041821 
C) 2610311400 

E) AP WINDCONE SEGMENTED CIRCLE U/S",KEGE,KZDV//V/M/A/000/999/3938N10654W005,KZDV,,V,M,A,0.0,999.0,3938N10654W005,KEGE,2512041821,2610311400,,AP WINDCONE SEGMENTED CIRCLE U/S,lighting,advisory
KEGE-6-1572,"Q) KZDV/QPIXX/I/NBO/A/000/999/3938N10654W005
A) KEGE
B) 2601081234
C) 2608201233EST
E) EGE EAGLE COUNTY RGNL, EAGLE, CO.
LDA RWY 25, AMDT 1A...
ALTERNATE MINIMUMS SHOULD READ: LDA/GS: CAT A, B, C 1800-3; LDA: CAT A, B 2100-2 1/2, CAT C 2100-3.",KEGE,KZDV/QPIXX/I/NBO/A/000/999/3938N10654W005,KZDV,QPIXX,I,NBO,A,0.0,999.0,3938N10654W005,KEGE,2601081234,2608201233EST,,"EGE EAGLE COUNTY RGNL, EAGLE, CO.
LDA RWY 25, AMDT 1A...
ALTERNATE MINIMUMS SHOULD READ: LDA/GS: CAT A, B, C 1800-3; LDA: CAT A, B 2100-2 1/2, CAT C 2100-3.",navaid,advisory
KEGE-06-072,"06/072 NOTAMR 
Q) KZDV/QMNHW/IV/BO/A/000/999/3938N10654W005 
A) KEGE 
B) 2606301438 
C) 2610010100 

E) TXL B BTN NTL GUARD RAMP AND TXL B3 WIP CONST ADJ S EDGE LGTD AND BARRICADED",KEGE,KZDV/QMNHW/IV/BO/A/000/999/3938N10654W005,KZDV,QMNHW,IV,BO,A,0.0,999.0,3938N10654W005,KEGE,2606301438,2610010100,,TXL B BTN NTL GUARD RAMP AND TXL B3 WIP CONST ADJ S EDGE LGTD AND BARRICADED,other,advisory
KEGE-07-004,"07/004 NOTAMN 
Q) KZDV/QMXLC/IV/M/A/000/999/3938N10654W005 
A) KEGE 
B) 2607071400 
C) 2608202300 

E) TWY A BTN TWY A5 AND TWY C3 CLSDTWY C3RSTRCTN>0? TO|",KEGE,KZDV/QMXLC/IV/M/A/000/999/3938N10654W005,KZDV,QMXLC,IV,M,A,0.0,999.0,3938N10654W005,KEGE,2607071400,2608202300,,TWY A BTN TWY A5 AND TWY C3 CLSDTWY C3RSTRCTN>0? TO|,taxiway,advisory
KEGE-07-007,"07/007 NOTAMN 
Q) KZDV/QOBXX/IV/M//000//3938N10654W005 
A) KEGE 
B) 2607071610 
C) 2607220400 
E) CRANE (ASN 2026-ANM-3985-OE) 393860N1065534W (0.6NM NW EGE) 6553FT (150FT AGL) FLAGGED AND LGTD",KEGE,KZDV/QOBXX/IV/M//000//3938N10654W005,KZDV,QOBXX,IV,M,,0.0,,3938N10654W005,KEGE,2607071610,2607220400,,CRANE (ASN 2026-ANM-3985-OE) 393860N1065534W (0.6NM NW EGE) 6553FT (150FT AGL) FLAGGED AND LGTD,lighting,advisory
KEGE-6-4541,"Q) KZDV/QPIXX/I/NBO/A/000/999/3938N10654W005
A) KEGE
B) 2603261604
C) 2611051602EST
E) EGE EAGLE COUNTY RGNL, EAGLE, CO.
LDA RWY 25, AMDT 1A...
S-LDA NA EXCEPT FOR ACFT EQUIPPED WITH SUITABLE RNAV SYSTEM WITH GPS,
ESJ LDA U/S.",KEGE,KZDV/QPIXX/I/NBO/A/000/999/3938N10654W005,KZDV,QPIXX,I,NBO,A,0.0,999.0,3938N10654W005,KEGE,2603261604,2611051602EST,,"EGE EAGLE COUNTY RGNL, EAGLE, CO.
LDA RWY 25, AMDT 1A...
S-LDA NA EXCEPT FOR ACFT EQUIPPED WITH SUITABLE RNAV SYSTEM WITH GPS,
ESJ LDA U/S.",navaid,critical
KEGE-07-036,"07/036 NOTAMN 
Q) KZDV/QMMXX/V/M/A/000/999/3938N10654W005 
A) KEGE 
B) 2607150335 
C) 2607162300 

E) TWY A4 HLDG PSN SIGN WEST SIDE BTN RWY 07/25 AND TWY A LGT U/S",KEGE,KZDV/QMMXX/V/M/A/000/999/3938N10654W005,KZDV,QMMXX,V,M,A,0.0,999.0,3938N10654W005,KEGE,2607150335,2607162300,,TWY A4 HLDG PSN SIGN WEST SIDE BTN RWY 07/25 AND TWY A LGT U/S,taxiway,advisory
KEGE-07-030,"07/030 NOTAMN 
Q) KZDV/QOBXX/IV/M//000//3938N10654W005 
A) KEGE 
B) 2607151500 
C) 2607152000 
E) CRANE (ASN 2026-ANM-904-OE) 393912N1065031W (3.5NM E EGE) 6691FT (108FT AGL) NOT LGTD",KEGE,KZDV/QOBXX/IV/M//000//3938N10654W005,KZDV,QOBXX,IV,M,,0.0,,3938N10654W005,KEGE,2607151500,2607152000,,CRANE (ASN 2026-ANM-904-OE) 393912N1065031W (3.5NM E EGE) 6691FT (108FT AGL) NOT LGTD,lighting,advisory
KTEB-6-5455,"Q) KZNY/QPIXX/I/NBO/A/000/999/4051N07403W005
A) KTEB
B) 2601161516
C) 2608281515EST
E) TEB TETERBORO, TETERBORO, NJ.
COPTER ILS Y OR LOC Y RWY 6, AMDT 3...
TDZE 5. H-ILS 6 DA 205, H-LOC 6 HAT 575.",KTEB,KZNY/QPIXX/I/NBO/A/000/999/4051N07403W005,KZNY,QPIXX,I,NBO,A,0.0,999.0,4051N07403W005,KTEB,2601161516,2608281515EST,,"TEB TETERBORO, TETERBORO, NJ.
COPTER ILS Y OR LOC Y RWY 6, AMDT 3...
TDZE 5. H-ILS 6 DA 205, H-LOC 6 HAT 575.",navaid,advisory
KTEB-6-5457,"Q) KZNY/QPIXX/I/NBO/A/000/999/4051N07403W005
A) KTEB
B) 2601161517
C) 2608281517EST
E) TEB TETERBORO, TETERBORO, NJ.
RNAV (RNP) Z RWY 6, AMDT 1...
TDZE 5. RNP 0.30 DA 678.",KTEB,KZNY/QPIXX/I/NBO/A/000/999/4051N07403W005,KZNY,QPIXX,I,NBO,A,0.0,999.0,4051N07403W005,KTEB,2601161517,2608281517EST,,"TEB TETERBORO, TETERBORO, NJ.
RNAV (RNP) Z RWY 6, AMDT 1...
TDZE 5. RNP 0.30 DA 678.",navaid,advisory
KTEB-6-7629,"Q) KZNY/QPIXX/I/NBO/A/000/999/4051N07403W005
A) KTEB
B) 2601272039
C) 2801272039EST
E) TEB TETERBORO, TETERBORO, NJ.
RNAV (GPS) X RWY 6, AMDT 3A...
TDZE 5. LPV DA 458, LNAV/VNAV DA 671, LNAV HAT 655.",KTEB,KZNY/QPIXX/I/NBO/A/000/999/4051N07403W005,KZNY,QPIXX,I,NBO,A,0.0,999.0,4051N07403W005,KTEB,2601272039,2801272039EST,,"TEB TETERBORO, TETERBORO, NJ.
RNAV (GPS) X RWY 6, AMDT 3A...
TDZE 5. LPV DA 458, LNAV/VNAV DA 671, LNAV HAT 655.",navaid,advisory
KTEB-6-2186,"Q) KZNY/QPDAO/I/NBO/A/000/999/4051N07403W005
A) KTEB
B) 2509081353
C) 2604201353EST
E) TEB TETERBORO, TETERBORO, NJ.
TETERBORO FOUR DEPARTURE...
NOTE: PARKE DEPARTURE VIA BWZ R-250 NA EXCEPT FOR AIRCRAFT EQUIPPED WITH SUITABLE RNAV SYSTEM WITH GPS,
BWZ VOR/DME U/S.",KTEB,KZNY/QPDAO/I/NBO/A/000/999/4051N07403W005,KZNY,QPDAO,I,NBO,A,0.0,999.0,4051N07403W005,KTEB,2509081353,2604201353EST,,"TEB TETERBORO, TETERBORO, NJ.
TETERBORO FOUR DEPARTURE...
NOTE: PARKE DEPARTURE VIA BWZ R-250 NA EXCEPT FOR AIRCRAFT EQUIPPED WITH SUITABLE RNAV SYSTEM WITH GPS,
BWZ VOR/DME U/S.",navaid,critical
KTEB-06-036,"06/036 NOTAMN 
 Q) KZNY/QOLAS/IV/M/AE/000/005/4051N07403W005 
 A) KTEB 
 B) 2606042212 
 C) 2608042359 
 E) TOWER LGT (ASR 1042783) 404817.00N0740626.00W (3.5NM SW TEB) 413.1FT (410.1FT AGL) U/S",KTEB,KZNY/QOLAS/IV/M/AE/000/005/4051N07403W005,KZNY,QOLAS,IV,M,AE,0.0,5.0,4051N07403W005,KTEB,2606042212,2608042359,,TOWER LGT (ASR 1042783) 404817.00N0740626.00W (3.5NM SW TEB) 413.1FT (410.1FT AGL) U/S,lighting,advisory
KTEB-06-062,"06/062 NOTAMN 
 Q) KZNY/QOLAS/IV/M/AE/000/003/4051N07403W005 
 A) KTEB 
 B) 2606062358 
 C) 2609042358 
 E) TOWER LGT (ASR 1237516) 404932.70N0740633.50W (2.7NM SW TEB) 230.0FT (129.9FT AGL) U/S",KTEB,KZNY/QOLAS/IV/M/AE/000/003/4051N07403W005,KZNY,QOLAS,IV,M,AE,0.0,3.0,4051N07403W005,KTEB,2606062358,2609042358,,TOWER LGT (ASR 1237516) 404932.70N0740633.50W (2.7NM SW TEB) 230.0FT (129.9FT AGL) U/S,lighting,advisory
KTEB-06-091,"06/091 NOTAMN 
Q) KZNY/QMMXX/V/M/A/000/999/4051N07403W005 
A) KTEB 
B) 2606121743 
C) 2608010400 

E) TWY L8 CL MARKINGS FADED",KTEB,KZNY/QMMXX/V/M/A/000/999/4051N07403W005,KZNY,QMMXX,V,M,A,0.0,999.0,4051N07403W005,KTEB,2606121743,2608010400,,TWY L8 CL MARKINGS FADED,taxiway,advisory
KTEB-06-092,"06/092 NOTAMN 
Q) KZNY/QMMXX/V/M/A/000/999/4051N07403W005 
A) KTEB 
B) 2606121744 
C) 2608010400 

E) TWY L CL MARKINGS BTN TWY K AND TWY L8 FADED",KTEB,KZNY/QMMXX/V/M/A/000/999/4051N07403W005,KZNY,QMMXX,V,M,A,0.0,999.0,4051N07403W005,KTEB,2606121744,2608010400,,TWY L CL MARKINGS BTN TWY K AND TWY L8 FADED,taxiway,advisory
KTEB-06-093,"06/093 NOTAMN 
Q) KZNY/QMMXX/V/M/A/000/999/4051N07403W005 
A) KTEB 
B) 2606121745 
C) 2608010400 

E) TWY P CL MARKINGS FADED",KTEB,KZNY/QMMXX/V/M/A/000/999/4051N07403W005,KZNY,QMMXX,V,M,A,0.0,999.0,4051N07403W005,KTEB,2606121745,2608010400,,TWY P CL MARKINGS FADED,taxiway,advisory
KTEB-06-106,"06/106 NOTAMR 
Q) KZNY/QCAAS/IV/B/AE/000/999/4051N07403W025 
A) KTEB 
B) 2606160104 
C) 2610022000EST 

E) REMOTE COM OUTLET 122.2 U/S",KTEB,KZNY/QCAAS/IV/B/AE/000/999/4051N07403W025,KZNY,QCAAS,IV,B,AE,0.0,999.0,4051N07403W025,KTEB,2606160104,2610022000EST,,REMOTE COM OUTLET 122.2 U/S,admin,advisory
KBED-6-5030,"Q) KZBW/QPIXX/I/NBO/A/000/999/4228N07117W005
A) KBED
B) 2601201551
C) 2609011551EST
E) BED LAURENCE G HANSCOM FLD, BEDFORD, MA.
ILS OR LOC RWY 29, AMDT 9B...
S-LOC 29 MDA 680/HAT 552 ALL CATS. VISIBILITY CAT C/D 1 1/8. VDP AT I-ULJ 1.30 DME; DISTANCE VDP TO THLD 1.58NM. TEMPORARY CRANE 367FT MSL 1.76NM EAST OF RWY 29 (2025-ANE-967-OE).",KBED,KZBW/QPIXX/I/NBO/A/000/999/4228N07117W005,KZBW,QPIXX,I,NBO,A,0.0,999.0,4228N07117W005,KBED,2601201551,2609011551EST,,"BED LAURENCE G HANSCOM FLD, BEDFORD, MA.
ILS OR LOC RWY 29, AMDT 9B...
S-LOC 29 MDA 680/HAT 552 ALL CATS. VISIBILITY CAT C/D 1 1/8. VDP AT I-ULJ 1.30 DME; DISTANCE VDP TO THLD 1.58NM. TEMPORARY CRANE 367FT MSL 1.76NM EAST OF RWY 29 (2025-ANE-967-OE).",navaid,advisory
KBED-06-013,"06/013 NOTAMR 
Q) KZBW/QFWXX/V/M/A/000/999/4228N07117W005 
A) KBED 
B) 2606040841 
C) 2609301800 

E) AP WINDCONE FOR RWY 29 LGT U/S",KBED,KZBW/QFWXX/V/M/A/000/999/4228N07117W005,KZBW,QFWXX,V,M,A,0.0,999.0,4228N07117W005,KBED,2606040841,2609301800,,AP WINDCONE FOR RWY 29 LGT U/S,lighting,advisory
KBED-06-012,"06/012 NOTAMR 
Q) KZBW//IV/M//000//4228N07117W005 
A) KBED 
B) 2606040841 
C) 2609301800 
E) POLE LGT (ASN UNKNOWN) 422806N0711636W ( 0.11NM SW (BEDICAO))( 143FT) ( 19FT AGL) U/S",KBED,KZBW//IV/M//000//4228N07117W005,KZBW,,IV,M,,0.0,,4228N07117W005,KBED,2606040841,2609301800,,POLE LGT (ASN UNKNOWN) 422806N0711636W ( 0.11NM SW (BEDICAO))( 143FT) ( 19FT AGL) U/S,lighting,advisory
KBED-06-053,"06/053 NOTAMN 
Q) KZBW/QMMXX/V/M/A/000/999/4228N07117W005 
A) KBED 
B) 2606191651 
C) 2608311800 

E) RWY 11/29 CL MARKINGS OBSC",KBED,KZBW/QMMXX/V/M/A/000/999/4228N07117W005,KZBW,QMMXX,V,M,A,0.0,999.0,4228N07117W005,KBED,2606191651,2608311800,,RWY 11/29 CL MARKINGS OBSC,runway,advisory
KBED-06-054,"06/054 NOTAMN 
 Q) KZBW/QOLAS/IV/M/AE/000/004/4228N07117W005 
 A) KBED 
 B) 2606201718 
 C) 2609181718 
 E) TOWER LGT (ASR 1240303) 422645.70N0711907.70W (2.0NM SW BED) 314.0FT (87.9FT AGL) U/S",KBED,KZBW/QOLAS/IV/M/AE/000/004/4228N07117W005,KZBW,QOLAS,IV,M,AE,0.0,4.0,4228N07117W005,KBED,2606201718,2609181718,,TOWER LGT (ASR 1240303) 422645.70N0711907.70W (2.0NM SW BED) 314.0FT (87.9FT AGL) U/S,lighting,advisory
KBED-06-055,"06/055 NOTAMN 
 Q) KZBW/QOLAS/IV/M/AE/000/004/4228N07117W005 
 A) KBED 
 B) 2606201718 
 C) 2609181718 
 E) TOWER LGT (ASR 1221859) 422624.40N0711800.40W (1.9NM SSW BED) 379.9FT (88.9FT AGL) U/S",KBED,KZBW/QOLAS/IV/M/AE/000/004/4228N07117W005,KZBW,QOLAS,IV,M,AE,0.0,4.0,4228N07117W005,KBED,2606201718,2609181718,,TOWER LGT (ASR 1221859) 422624.40N0711800.40W (1.9NM SSW BED) 379.9FT (88.9FT AGL) U/S,lighting,advisory
KBED-07-002,"07/002 NOTAMR 
Q) KZBW/QLIAS/IV/BO/A/000/999/4228N07117W005 
A) KBED 
B) 2607012058 
C) 2609252359 

E) RWY 23 RWY END ID LGT 
 U/S",KBED,KZBW/QLIAS/IV/BO/A/000/999/4228N07117W005,KZBW,QLIAS,IV,BO,A,0.0,999.0,4228N07117W005,KBED,2607012058,2609252359,,"RWY 23 RWY END ID LGT 
 U/S",runway,critical
KBED-07-013,"07/013 NOTAMN 
 Q) KZBW/QOLAS/IV/M/AE/000/002/4228N07117W005 
 A) KBED 
 B) 2607090054 
 C) 2607240054 
 E) POWER LINE LGT (ASN 2021-ANE-7141-OE) 422803N0711533W (1.3NM E BED) 173FT (57FT AGL) U/S",KBED,KZBW/QOLAS/IV/M/AE/000/002/4228N07117W005,KZBW,QOLAS,IV,M,AE,0.0,2.0,4228N07117W005,KBED,2607090054,2607240054,,POWER LINE LGT (ASN 2021-ANE-7141-OE) 422803N0711533W (1.3NM E BED) 173FT (57FT AGL) U/S,lighting,advisory
KBED-07-018,"07/018 NOTAMN 
 Q) KZBW/QOLAS/IV/M/AE/000/002/4228N07117W005 
 A) KBED 
 B) 2607122222 
 C) 2607272222 
 E) POWER LINE LGT (ASN 2021-ANE-7143-OE) 422810N0711532W (1.3NM E BED) 175FT (61FT AGL) U/S",KBED,KZBW/QOLAS/IV/M/AE/000/002/4228N07117W005,KZBW,QOLAS,IV,M,AE,0.0,2.0,4228N07117W005,KBED,2607122222,2607272222,,POWER LINE LGT (ASN 2021-ANE-7143-OE) 422810N0711532W (1.3NM E BED) 175FT (61FT AGL) U/S,lighting,advisory
KBED-07-023,"07/023 NOTAMN 
 Q) KZBW/QOLAS/IV/M/AE/000/002/4228N07117W005 
 A) KBED 
 B) 2607142303 
 C) 2607292303 
 E) POWER LINE LGT (ASN 2021-ANE-7138-OE) 422746N0711534W (1.4NM ESE BED) 177FT (61FT AGL) U/S",KBED,KZBW/QOLAS/IV/M/AE/000/002/4228N07117W005,KZBW,QOLAS,IV,M,AE,0.0,2.0,4228N07117W005,KBED,2607142303,2607292303,,POWER LINE LGT (ASN 2021-ANE-7138-OE) 422746N0711534W (1.4NM ESE BED) 177FT (61FT AGL) U/S,lighting,advisory
KHPN-6-4747,"Q) KZNY/QPDCH/I/NBO/A/000/999/4104N07342W005
A) KHPN
B) 2404301307
C) 2412101307EST
E) HPN WESTCHESTER COUNTY, WHITE PLAINS, NY.
PROP ONE DEPARTURE...
COATE, ELIOT DEPARTURES NA EXCEPT FOR AIRCRAFT EQUIPPED WITH SUITABLE RNAV SYSTEM WITH GPS,
SAX VORTAC U/S.",KHPN,KZNY/QPDCH/I/NBO/A/000/999/4104N07342W005,KZNY,QPDCH,I,NBO,A,0.0,999.0,4104N07342W005,KHPN,2404301307,2412101307EST,,"HPN WESTCHESTER COUNTY, WHITE PLAINS, NY.
PROP ONE DEPARTURE...
COATE, ELIOT DEPARTURES NA EXCEPT FOR AIRCRAFT EQUIPPED WITH SUITABLE RNAV SYSTEM WITH GPS,
SAX VORTAC U/S.",navaid,critical
KHPN-03-058,"03/058 NOTAMR 
Q) KZNY/QMXLC/IV/M/A/000/999/4104N07342W005 
A) KHPN 
B) 2603090000 
C) 2611011200 
 D) DLY 0000-1200 

E) TWY K BTN APCH END RWY 29 AND TWY A CLSDTWY ARSTRCTN>0? TO| FOR ACFT PRKG",KHPN,KZNY/QMXLC/IV/M/A/000/999/4104N07342W005,KZNY,QMXLC,IV,M,A,0.0,999.0,4104N07342W005,KHPN,2603090000,2611011200,DLY 0000-1200,TWY K BTN APCH END RWY 29 AND TWY A CLSDTWY ARSTRCTN>0? TO| FOR ACFT PRKG,taxiway,advisory
KHPN-6-5381,"Q) KZNY/QPDCH/I/NBO/A/000/999/4104N07342W005
A) KHPN
B) 2403121409
C) 2603121408EST
E) HPN WESTCHESTER COUNTY, WHITE PLAINS, NY.
WESTCHESTER EIGHT DEPARTURE...
WHITE DEPARTURES: NA EXCEPT FOR AIRCRAFT EQUIPPED WITH SUITABLE RNAV SYSTEM WITH GPS,
COL VOR U/S.",KHPN,KZNY/QPDCH/I/NBO/A/000/999/4104N07342W005,KZNY,QPDCH,I,NBO,A,0.0,999.0,4104N07342W005,KHPN,2403121409,2603121408EST,,"HPN WESTCHESTER COUNTY, WHITE PLAINS, NY.
WESTCHESTER EIGHT DEPARTURE...
WHITE DEPARTURES: NA EXCEPT FOR AIRCRAFT EQUIPPED WITH SUITABLE RNAV SYSTEM WITH GPS,
COL VOR U/S.",navaid,critical
KHPN-03-063,"03/063 NOTAMR 
Q)ZNY/QXXXX/IV/NBO/A/000/999/4104N07342W005 
A) KHPN 
B) 2603100300 
C) 2610311000 
 D)DLY 0300-1000 
E) NAV ILS RWY 16 NOT MNT",KHPN,ZNY/QXXXX/IV/NBO/A/000/999/4104N07342W005,ZNY,QXXXX,IV,NBO,A,0.0,999.0,4104N07342W005,KHPN,2603100300,2610311000,DLY 0300-1000,NAV ILS RWY 16 NOT MNT,runway,advisory
KHPN-07-103,"07/103 NOTAMN 
Q) KZNY/QMXLC/IV/M/A/000/999/4104N07342W005 
A) KHPN 
B) 2607101446 
C) 2607171500 

E) TWY C RUNUP PAD CLSD",KHPN,KZNY/QMXLC/IV/M/A/000/999/4104N07342W005,KZNY,QMXLC,IV,M,A,0.0,999.0,4104N07342W005,KHPN,2607101446,2607171500,,TWY C RUNUP PAD CLSD,taxiway,critical
KHPN-07-109,"07/109 NOTAMN 
Q) KZNY/QMMXX/V/M/A/000/999/4104N07342W005 
A) KHPN 
B) 2607120922 
C) 2607311200 

E) RWY 16 RWY EXIT SIGN AT TWY L LGT U/S",KHPN,KZNY/QMMXX/V/M/A/000/999/4104N07342W005,KZNY,QMMXX,V,M,A,0.0,999.0,4104N07342W005,KHPN,2607120922,2607311200,,RWY 16 RWY EXIT SIGN AT TWY L LGT U/S,runway,advisory
KHPN-07-096,"07/096 NOTAMN 
Q) KZNY/QMRLC/IV/NBO/A/000/999/4104N07342W005 
A) KHPN 
B) 2607130400 
C) 2610230930 
 D) MON-FRI 0400-0930 

E) RWY 16/34 CLSD",KHPN,KZNY/QMRLC/IV/NBO/A/000/999/4104N07342W005,KZNY,QMRLC,IV,NBO,A,0.0,999.0,4104N07342W005,KHPN,2607130400,2610230930,MON-FRI 0400-0930,RWY 16/34 CLSD,runway,advisory
KHPN-07-121,"07/121 NOTAMN 
Q) KZNY/QMNHW/IV/BO/A/000/999/4104N07342W005 
A) KHPN 
B) 2607131236 
C) 2608131300 

E) HANGAR F RAMP WIP CONST ADJ TWY J",KHPN,KZNY/QMNHW/IV/BO/A/000/999/4104N07342W005,KZNY,QMNHW,IV,BO,A,0.0,999.0,4104N07342W005,KHPN,2607131236,2608131300,,HANGAR F RAMP WIP CONST ADJ TWY J,taxiway,advisory
KHPN-07-120,"07/120 NOTAMR 
Q) KZNY/QMXLC/IV/M/A/000/999/4104N07342W005 
A) KHPN 
B) 2607140000 
C) 2611011300 
 D) DLY 0000-1300 

E) TWY K HOLD PAD CLSD EXC ACFT PRKG",KHPN,KZNY/QMXLC/IV/M/A/000/999/4104N07342W005,KZNY,QMXLC,IV,M,A,0.0,999.0,4104N07342W005,KHPN,2607140000,2611011300,DLY 0000-1300,TWY K HOLD PAD CLSD EXC ACFT PRKG,taxiway,advisory
KHPN-07-122,"07/122 NOTAMN 
Q) KZNY/QICXX/IV/NBO/A/000/999/4104N07342W025 
A) KHPN 
B) 2607140301 
C) 2607232359 

E) ILS RWY 34 NOT MNT",KHPN,KZNY/QICXX/IV/NBO/A/000/999/4104N07342W025,KZNY,QICXX,IV,NBO,A,0.0,999.0,4104N07342W025,KHPN,2607140301,2607232359,,ILS RWY 34 NOT MNT,runway,advisory
KHPN-07-123,"07/123 NOTAMN 
Q) KZNY/QITXX/IV/NBO/A/000/999/4104N07342W025 
A) KHPN 
B) 2607140303 
C) 2607232359 

E) ILS RWY 16 SPECIAL AUTH CAT II NOT AUTH",KHPN,KZNY/QITXX/IV/NBO/A/000/999/4104N07342W025,KZNY,QITXX,IV,NBO,A,0.0,999.0,4104N07342W025,KHPN,2607140303,2607232359,,ILS RWY 16 SPECIAL AUTH CAT II NOT AUTH,runway,advisory
KHPN-07-124,"07/124 NOTAMN 
Q) KZNY/QICAS/IV/NBO/A/000/999/4104N07342W025 
A) KHPN 
B) 2607140304 
C) 2607232359 

E) ILS RWY 16 GP/DME U/S",KHPN,KZNY/QICAS/IV/NBO/A/000/999/4104N07342W025,KZNY,QICAS,IV,NBO,A,0.0,999.0,4104N07342W025,KHPN,2607140304,2607232359,,ILS RWY 16 GP/DME U/S,navaid,critical
KHPN-6-5166,"Q) KZNY/QPIXX/I/NBO/A/000/999/4104N07342W005
A) KHPN
B) 2506021946
C) 2601121946EST
E) HPN WESTCHESTER COUNTY, WHITE PLAINS, NY.
ILS OR LOC RWY 16, AMDT 25C...
ILS RWY 16 (SA CAT I-II), AMDT 25C...
ALTERNATE MNM NA EXCEPT FOR ACFT EQUIPPED WITH SUITABLE RNAV SYSTEM WITH GPS,
IGN VOR/DME NOT MNT.",KHPN,KZNY/QPIXX/I/NBO/A/000/999/4104N07342W005,KZNY,QPIXX,I,NBO,A,0.0,999.0,4104N07342W005,KHPN,2506021946,2601121946EST,,"HPN WESTCHESTER COUNTY, WHITE PLAINS, NY.
ILS OR LOC RWY 16, AMDT 25C...
ILS RWY 16 (SA CAT I-II), AMDT 25C...
ALTERNATE MNM NA EXCEPT FOR ACFT EQUIPPED WITH SUITABLE RNAV SYSTEM WITH GPS,
IGN VOR/DME NOT MNT.",navaid,advisory
KHPN-07-145,"07/145 NOTAMN 
Q) KZNY/QMMXX/V/M/A/000/999/4104N07342W005 
A) KHPN 
B) 2607151110 
C) 2607311200 

E) TWY L CL MARKINGS BTN APCH END RWY 16 AND TWY C NOT STD",KHPN,KZNY/QMMXX/V/M/A/000/999/4104N07342W005,KZNY,QMMXX,V,M,A,0.0,999.0,4104N07342W005,KHPN,2607151110,2607311200,,TWY L CL MARKINGS BTN APCH END RWY 16 AND TWY C NOT STD,taxiway,advisory
KHPN-07-147,"07/147 NOTAMN 
Q) KZNY/QICAS/IV/NBO/A/000/999/4104N07342W025 
A) KHPN 
B) 2607151300 
C) 2607152000EST 

E) ILS RWY 16 U/S",KHPN,KZNY/QICAS/IV/NBO/A/000/999/4104N07342W025,KZNY,QICAS,IV,NBO,A,0.0,999.0,4104N07342W025,KHPN,2607151300,2607152000EST,,ILS RWY 16 U/S,runway,critical
KHPN-07-148,"07/148 NOTAMN 
Q) KZNY/QICAS/IV/NBO/A/000/999/4104N07342W025 
A) KHPN 
B) 2607151300 
C) 2607152000EST 

E) ILS RWY 34 U/S",KHPN,KZNY/QICAS/IV/NBO/A/000/999/4104N07342W025,KZNY,QICAS,IV,NBO,A,0.0,999.0,4104N07342W025,KHPN,2607151300,2607152000EST,,ILS RWY 34 U/S,runway,critical
KHPN-07-149,"07/149 NOTAMN 
Q) KZNY/QITXX/IV/NBO/A/000/999/4104N07342W025 
A) KHPN 
B) 2607151300 
C) 2607152000EST 

E) ILS RWY 16 SPECIAL AUTH CAT II NOT AUTH",KHPN,KZNY/QITXX/IV/NBO/A/000/999/4104N07342W025,KZNY,QITXX,IV,NBO,A,0.0,999.0,4104N07342W025,KHPN,2607151300,2607152000EST,,ILS RWY 16 SPECIAL AUTH CAT II NOT AUTH,runway,advisory
KFRG-5-7214,"Q) KZNY/QPIXX/I/NBO/A/000/999/4043N07324W005
A) KFRG
B) 2510271608
C) 2606081606EST
E) FRG REPUBLIC, FARMINGDALE, NY.
RNAV (GPS) RWY 19, AMDT 3...
LPV MINIMUMS NA ALL CATS.
LNAV/VNAV MINIMUMS NA ALL CATS.
CHANGE NOTE: RWY 19 HELICOPTER VISIBILITY REDUCTION BELOW 1 SM NOT AUTHORIZED.",KFRG,KZNY/QPIXX/I/NBO/A/000/999/4043N07324W005,KZNY,QPIXX,I,NBO,A,0.0,999.0,4043N07324W005,KFRG,2510271608,2606081606EST,,"FRG REPUBLIC, FARMINGDALE, NY.
RNAV (GPS) RWY 19, AMDT 3...
LPV MINIMUMS NA ALL CATS.
LNAV/VNAV MINIMUMS NA ALL CATS.
CHANGE NOTE: RWY 19 HELICOPTER VISIBILITY REDUCTION BELOW 1 SM NOT AUTHORIZED.",navaid,advisory
KFRG-03-047,"03/047 NOTAMN 
Q) KZNY/QIOAS/IV/BO/A/000/999/4043N07324W025 
A) KFRG 
B) 2603111848 
C) 2710292111EST 

E) ILS RWY 14 OM U/S",KFRG,KZNY/QIOAS/IV/BO/A/000/999/4043N07324W025,KZNY,QIOAS,IV,BO,A,0.0,999.0,4043N07324W025,KFRG,2603111848,2710292111EST,,ILS RWY 14 OM U/S,navaid,critical
KFRG-6-1140,"Q) KZNY/QPICH/I/NBO/A/000/999/4043N07324W005
A) KFRG
B) 2603161811
C) PERM
E) FRG REPUBLIC, FARMINGDALE, NY.
RNAV (GPS) Y RWY 14, AMDT 2G...
LNAV CATS C/D VISIBILITY 1 1/8. CHART NOTE: RWY 14 HELICOPTER VISIBILITY REDUCTION BELOW 3/4 SM NOT AUTHORIZED. CHART NOTE: INOPERATIVE TABLE DOES NOT APPLY TO LPV ALL CATS. CHANGE ALTIMETER NOTE TO READ: WHEN LOCAL ALTIMETER SETTING NOT RECEIVED, USE ISP ALTIMETER SETTING: INCREASE LPV DA TO 374 FEET; INCREASE LNAV/VNAV DA TO 442 FEET; INCREASE ALL MDAS 40 FEET AND LNAV VISIBILITY CATS C/D 1/8 SM AND CIRCLING VISIBILITY CAT C 1/4 SM.
THIS IS RNAV (GPS) Y RWY 14, AMDT 2H.",KFRG,KZNY/QPICH/I/NBO/A/000/999/4043N07324W005,KZNY,QPICH,I,NBO,A,0.0,999.0,4043N07324W005,KFRG,2603161811,PERM,,"FRG REPUBLIC, FARMINGDALE, NY.
RNAV (GPS) Y RWY 14, AMDT 2G...
LNAV CATS C/D VISIBILITY 1 1/8. CHART NOTE: RWY 14 HELICOPTER VISIBILITY REDUCTION BELOW 3/4 SM NOT AUTHORIZED. CHART NOTE: INOPERATIVE TABLE DOES NOT APPLY TO LPV ALL CATS. CHANGE ALTIMETER NOTE TO READ: WHEN LOCAL ALTIMETER SETTING NOT RECEIVED, USE ISP ALTIMETER SETTING: INCREASE LPV DA TO 374 FEET; INCREASE LNAV/VNAV DA TO 442 FEET; INCREASE ALL MDAS 40 FEET AND LNAV VISIBILITY CATS C/D 1/8 SM AND CIRCLING VISIBILITY CAT C 1/4 SM.
THIS IS RNAV (GPS) Y RWY 14, AMDT 2H.",navaid,advisory
KFRG-07-001,"07/001 NOTAMN 
 Q) KZNY/QOLAS/IV/M/E/000/006/4043N07324W005 
 A) KFRG 
 B) 2607010538 
 C) 2608150537 
 E) TOWER LGT (ASR 1006408) 404918.10N0732847.70W (6.3NM NNW FRG) 562.0FT (294.9FT AGL) U/S",KFRG,KZNY/QOLAS/IV/M/E/000/006/4043N07324W005,KZNY,QOLAS,IV,M,E,0.0,6.0,4043N07324W005,KFRG,2607010538,2608150537,,TOWER LGT (ASR 1006408) 404918.10N0732847.70W (6.3NM NNW FRG) 562.0FT (294.9FT AGL) U/S,lighting,advisory
KFRG-07-032,"07/032 NOTAMR 
Q) KZNY/QMXLC/IV/M/A/000/999/4043N07324W005 
A) KFRG 
B) 2607101851 
C) 2607172000 

E) TWY G RUNUP PAD FOR RWY 01 CLSD",KFRG,KZNY/QMXLC/IV/M/A/000/999/4043N07324W005,KZNY,QMXLC,IV,M,A,0.0,999.0,4043N07324W005,KFRG,2607101851,2607172000,,TWY G RUNUP PAD FOR RWY 01 CLSD,taxiway,critical
KISP-5-9095,"Q) KZNY/QPIXX/I/NBO/A/000/999/4047N07306W005
A) KISP
B) 2509231450
C) 2605051440EST
E) ISP LONG ISLAND MAC ARTHUR, NEW YORK, NY.
RNAV (GPS) RWY 15R, AMDT 1...
LNAV/VNAV DA 550/HAT 451 ALL CATS.",KISP,KZNY/QPIXX/I/NBO/A/000/999/4047N07306W005,KZNY,QPIXX,I,NBO,A,0.0,999.0,4047N07306W005,KISP,2509231450,2605051440EST,,"ISP LONG ISLAND MAC ARTHUR, NEW YORK, NY.
RNAV (GPS) RWY 15R, AMDT 1...
LNAV/VNAV DA 550/HAT 451 ALL CATS.",navaid,advisory
KISP-5-4591,"Q) KZNY/QPIXX/I/NBO/A/000/999/4047N07306W005
A) KISP
B) 2510221322
C) 2606031321EST
E) ISP LONG ISLAND MAC ARTHUR, NEW YORK, NY.
ILS OR LOC RWY 24, AMDT 5...
AUTOPILOT COUPLED APPROACH NA BELOW 920.",KISP,KZNY/QPIXX/I/NBO/A/000/999/4047N07306W005,KZNY,QPIXX,I,NBO,A,0.0,999.0,4047N07306W005,KISP,2510221322,2606031321EST,,"ISP LONG ISLAND MAC ARTHUR, NEW YORK, NY.
ILS OR LOC RWY 24, AMDT 5...
AUTOPILOT COUPLED APPROACH NA BELOW 920.",navaid,advisory
KISP-01-108,01/108 NOTAMN Q) KZNY/QOLAS/IV/M/AE/000/006/4047N07306W005 A) KISP B) 2601071602 C) 2609302359 E) TOWER LGT (ASR 1054022) 404855.00N0731042.00W (3.7NM WNW ISP) 582.7FT (392.7FT AGL) U/S,KISP,KZNY/QOLAS/IV/M/AE/000/006/4047N07306W005,KZNY,QOLAS,IV,M,AE,0.0,6.0,4047N07306W005,KISP,2601071602,2609302359,,TOWER LGT (ASR 1054022) 404855.00N0731042.00W (3.7NM WNW ISP) 582.7FT (392.7FT AGL) U/S,lighting,advisory
KISP-6-4748,"Q) KZNY/QPDAO/I/NBO/A/000/999/4047N07306W005
A) KISP
B) 2404301306
C) 2412101306EST
E) ISP LONG ISLAND MAC ARTHUR, NEW YORK, NY.
LONG ISLAND SEVEN DEPARTURE...
NOTE: COATE DEPARTURES NA EXCEPT FOR AIRCRAFT EQUIPPED WITH SUITABLE RNAV SYSTEM WITH GPS,
SAX VORTAC U/S.",KISP,KZNY/QPDAO/I/NBO/A/000/999/4047N07306W005,KZNY,QPDAO,I,NBO,A,0.0,999.0,4047N07306W005,KISP,2404301306,2412101306EST,,"ISP LONG ISLAND MAC ARTHUR, NEW YORK, NY.
LONG ISLAND SEVEN DEPARTURE...
NOTE: COATE DEPARTURES NA EXCEPT FOR AIRCRAFT EQUIPPED WITH SUITABLE RNAV SYSTEM WITH GPS,
SAX VORTAC U/S.",navaid,critical
KISP-06-284,"06/284 NOTAMN 
 Q) KZNY/QOLAS/IV/M/AE/000/006/4047N07306W005 
 A) KISP 
 B) 2606301328 
 C) 2607302300 
 E) TOWER LGT (ASN 1999-AEA-1825-OE) 405034N0730154W (4.3NM NE ISP) 547FT (274FT AGL) U/S",KISP,KZNY/QOLAS/IV/M/AE/000/006/4047N07306W005,KZNY,QOLAS,IV,M,AE,0.0,6.0,4047N07306W005,KISP,2606301328,2607302300,,TOWER LGT (ASN 1999-AEA-1825-OE) 405034N0730154W (4.3NM NE ISP) 547FT (274FT AGL) U/S,lighting,advisory
KISP-07-101,"07/101 NOTAMN 
 Q) KZNY/QOLAS/IV/M/E/000/002/4047N07306W005 
 A) KISP 
 B) 2607100453 
 C) 2607250353 
 E) TOWER LGT (ASR 1271993) 405306.70N0731232.50W (7.2NM NW ISP) 194.9FT (75.1FT AGL) U/S",KISP,KZNY/QOLAS/IV/M/E/000/002/4047N07306W005,KZNY,QOLAS,IV,M,E,0.0,2.0,4047N07306W005,KISP,2607100453,2607250353,,TOWER LGT (ASR 1271993) 405306.70N0731232.50W (7.2NM NW ISP) 194.9FT (75.1FT AGL) U/S,lighting,advisory
KISP-07-116,"07/116 NOTAMN 
 Q) KZNY/QOLAS/IV/M/E/000/006/4047N07306W005 
 A) KISP 
 B) 2607112029 
 C) 2611082029 
 E) TOWER LGT (ASR 1219580) 404503.70N0731247.60W (5.8NM WSW ISP) 529.9FT (500.0FT AGL) U/S",KISP,KZNY/QOLAS/IV/M/E/000/006/4047N07306W005,KZNY,QOLAS,IV,M,E,0.0,6.0,4047N07306W005,KISP,2607112029,2611082029,,TOWER LGT (ASR 1219580) 404503.70N0731247.60W (5.8NM WSW ISP) 529.9FT (500.0FT AGL) U/S,lighting,advisory
KPWK-11-044,"11/044 NOTAMN 
Q) KZAU/QMNLC/IV/NBO/A/000/999/4206N08754W005 
A) KPWK 
B) 2511060358 
C) 2610312359 

E) HANGAR 13 RAMP CLSD",KPWK,KZAU/QMNLC/IV/NBO/A/000/999/4206N08754W005,KZAU,QMNLC,IV,NBO,A,0.0,999.0,4206N08754W005,KPWK,2511060358,2610312359,,HANGAR 13 RAMP CLSD,other,critical
KPWK-04-139,"04/139 NOTAMN 
Q) KZAU/QFAHW/IV/NBO/A/000/999/4206N08754W005 
A) KPWK 
B) 2604221100 
C) 2610302100 
 D) DLY SR-SS 

E) AP ALL SFC WIP GRASS CUTTING",KPWK,KZAU/QFAHW/IV/NBO/A/000/999/4206N08754W005,KZAU,QFAHW,IV,NBO,A,0.0,999.0,4206N08754W005,KPWK,2604221100,2610302100,DLY SR-SS,AP ALL SFC WIP GRASS CUTTING,other,informational
KPWK-04-147,"04/147 NOTAMN 
Q) KZAU/QLPAS/IV/BO/A/000/999/4206N08754W005 
A) KPWK 
B) 2605010001 
C) PERM 

E) RWY 06 PAPI DECOMMISSIONED",KPWK,KZAU/QLPAS/IV/BO/A/000/999/4206N08754W005,KZAU,QLPAS,IV,BO,A,0.0,999.0,4206N08754W005,KPWK,2605010001,PERM,,RWY 06 PAPI DECOMMISSIONED,runway,advisory
KPWK-04-152,"04/152 NOTAMN 
Q) KZAU/QMRLC/IV/NBO/A/000/999/4206N08754W005 
A) KPWK 
B) 2605011300 
C) PERM 

E) RWY 06/24 CLSD EXC TAX",KPWK,KZAU/QMRLC/IV/NBO/A/000/999/4206N08754W005,KZAU,QMRLC,IV,NBO,A,0.0,999.0,4206N08754W005,KPWK,2605011300,PERM,,RWY 06/24 CLSD EXC TAX,runway,advisory
KPWK-04-151,"04/151 NOTAMN 
Q) KZAU/QLEXX/I/BO/A/000/999/4206N08754W005 
A) KPWK 
B) 2605011300 
C) PERM 

E) RWY 06/24 REDL DECOMMISSIONED",KPWK,KZAU/QLEXX/I/BO/A/000/999/4206N08754W005,KZAU,QLEXX,I,BO,A,0.0,999.0,4206N08754W005,KPWK,2605011300,PERM,,RWY 06/24 REDL DECOMMISSIONED,runway,advisory
KPWK-04-153,"04/153 NOTAMN 
Q) KZAU/QMXLC/IV/M/A/000/999/4206N08754W005 
A) KPWK 
B) 2605011300 
C) PERM 

E) TWY B BTN TWY E AND APCH END RWY 24 CLSDAPCH END RWY 24RSTRCTN>0? TO|",KPWK,KZAU/QMXLC/IV/M/A/000/999/4206N08754W005,KZAU,QMXLC,IV,M,A,0.0,999.0,4206N08754W005,KPWK,2605011300,PERM,,TWY B BTN TWY E AND APCH END RWY 24 CLSDAPCH END RWY 24RSTRCTN>0? TO|,taxiway,advisory
KPWK-04-150,"04/150 NOTAMN 
Q) KZAU/QMXLC/IV/M/A/000/999/4206N08754W005 
A) KPWK 
B) 2605011300 
C) PERM 

E) TWY C BTN C RAMP AND APCH END RWY 24 CLSDAPCH END RWY 24RSTRCTN>0? TO|",KPWK,KZAU/QMXLC/IV/M/A/000/999/4206N08754W005,KZAU,QMXLC,IV,M,A,0.0,999.0,4206N08754W005,KPWK,2605011300,PERM,,TWY C BTN C RAMP AND APCH END RWY 24 CLSDAPCH END RWY 24RSTRCTN>0? TO|,taxiway,advisory
KPWK-04-212,"04/212 NOTAMN 
Q) KZAU/QMMXX/V/M/A/000/999/4206N08754W005 
A) KPWK 
B) 2605011300 
C) 2612312359 

E) TWY B HLDG PSN SIGN FOR RWY 12/30 MISSING",KPWK,KZAU/QMMXX/V/M/A/000/999/4206N08754W005,KZAU,QMMXX,V,M,A,0.0,999.0,4206N08754W005,KPWK,2605011300,2612312359,,TWY B HLDG PSN SIGN FOR RWY 12/30 MISSING,taxiway,advisory
KPWK-05-015,"05/015 NOTAMN 
Q) KZAU/QMMXX/V/M/A/000/999/4206N08754W005 
A) KPWK 
B) 2605020124 
C) 2612310559 

E) RWY 34 HLDG PSN SIGN AT RWY 06 LEFT SIDE LGT U/S",KPWK,KZAU/QMMXX/V/M/A/000/999/4206N08754W005,KZAU,QMMXX,V,M,A,0.0,999.0,4206N08754W005,KPWK,2605020124,2612310559,,RWY 34 HLDG PSN SIGN AT RWY 06 LEFT SIDE LGT U/S,runway,advisory
KPWK-05-016,"05/016 NOTAMN 
Q) KZAU/QMMXX/V/M/A/000/999/4206N08754W005 
A) KPWK 
B) 2605020126 
C) 2612310559 

E) TWY T TWY DIRECTION SIGN LGT U/S",KPWK,KZAU/QMMXX/V/M/A/000/999/4206N08754W005,KZAU,QMMXX,V,M,A,0.0,999.0,4206N08754W005,KPWK,2605020126,2612310559,,TWY T TWY DIRECTION SIGN LGT U/S,taxiway,advisory
KPWK-05-017,"05/017 NOTAMR 
Q) KZAU/QMMXX/V/M/A/000/999/4206N08754W005 
A) KPWK 
B) 2605020144 
C) 2612310559 

E) TWY L RWY LOCATION SIGN NORTH SIDE FOR RWY 06/24 LGT U/S",KPWK,KZAU/QMMXX/V/M/A/000/999/4206N08754W005,KZAU,QMMXX,V,M,A,0.0,999.0,4206N08754W005,KPWK,2605020144,2612310559,,TWY L RWY LOCATION SIGN NORTH SIDE FOR RWY 06/24 LGT U/S,taxiway,advisory
KPWK-05-018,"05/018 NOTAMN 
Q) KZAU/QMMXX/V/M/A/000/999/4206N08754W005 
A) KPWK 
B) 2605020155 
C) 2612310559 

E) RWY 24 HLDG PSN SIGN AT RWY 34/16 AND RWY 30/12 LEFT SIDE LGT U/S",KPWK,KZAU/QMMXX/V/M/A/000/999/4206N08754W005,KZAU,QMMXX,V,M,A,0.0,999.0,4206N08754W005,KPWK,2605020155,2612310559,,RWY 24 HLDG PSN SIGN AT RWY 34/16 AND RWY 30/12 LEFT SIDE LGT U/S,runway,advisory
KPWK-05-019,"05/019 NOTAMN 
Q) KZAU/QMMXX/V/M/A/000/999/4206N08754W005 
A) KPWK 
B) 2605021900 
C) 2612310559 

E) TWY T HLDG PSN SIGN FOR APCH END RWY 06 LGT U/S",KPWK,KZAU/QMMXX/V/M/A/000/999/4206N08754W005,KZAU,QMMXX,V,M,A,0.0,999.0,4206N08754W005,KPWK,2605021900,2612310559,,TWY T HLDG PSN SIGN FOR APCH END RWY 06 LGT U/S,taxiway,advisory
KPWK-05-020,"05/020 NOTAMR 
Q) KZAU/QMMXX/V/M/A/000/999/4206N08754W005 
A) KPWK 
B) 2605021904 
C) 2612310539 

E) TWY L RWY LOCATION SIGN SOUTH SIDE FOR RWY 06/24 LGT U/S",KPWK,KZAU/QMMXX/V/M/A/000/999/4206N08754W005,KZAU,QMMXX,V,M,A,0.0,999.0,4206N08754W005,KPWK,2605021904,2612310539,,TWY L RWY LOCATION SIGN SOUTH SIDE FOR RWY 06/24 LGT U/S,taxiway,advisory
KPWK-05-043,"05/043 NOTAMN 
Q) KZAU/QMMXX/V/M/A/000/999/4206N08754W005 
A) KPWK 
B) 2605081554 
C) 2607312359 

E) TWY B LOCATION MARKINGS BTN RWY 12/30 AND TWY E NOT MARKED",KPWK,KZAU/QMMXX/V/M/A/000/999/4206N08754W005,KZAU,QMMXX,V,M,A,0.0,999.0,4206N08754W005,KPWK,2605081554,2607312359,,TWY B LOCATION MARKINGS BTN RWY 12/30 AND TWY E NOT MARKED,taxiway,advisory
KPWK-05-069,"05/069 NOTAMN 
Q) KZAU/QMNLC/IV/NBO/A/000/999/4206N08754W005 
A) KPWK 
B) 2605201934 
C) 2701312359 

E) HANGAR 7 RAMP CLSD EXC VEHICLES",KPWK,KZAU/QMNLC/IV/NBO/A/000/999/4206N08754W005,KZAU,QMNLC,IV,NBO,A,0.0,999.0,4206N08754W005,KPWK,2605201934,2701312359,,HANGAR 7 RAMP CLSD EXC VEHICLES,other,advisory
KPWK-06-046,"06/046 NOTAMN 
 Q) KZAU/QOLAS/IV/M/AE/000/009/4206N08754W005 
 A) KPWK 
 B) 2606081743 
 C) 2608152359 
 E) TOWER LGT (ASR 1253376) 420820.50N0875308.90W (1.6NM NNE PWK) 817.9FT (161.1FT AGL) U/S",KPWK,KZAU/QOLAS/IV/M/AE/000/009/4206N08754W005,KZAU,QOLAS,IV,M,AE,0.0,9.0,4206N08754W005,KPWK,2606081743,2608152359,,TOWER LGT (ASR 1253376) 420820.50N0875308.90W (1.6NM NNE PWK) 817.9FT (161.1FT AGL) U/S,lighting,advisory
KPWK-06-047,"06/047 NOTAMN 
 Q) KZAU/QOLAS/IV/M/AE/000/009/4206N08754W005 
 A) KPWK 
 B) 2606081744 
 C) 2608152359 
 E) TOWER LGT (ASR 1253380) 420820.20N0875307.40W (1.7NM NNE PWK) 817.9FT (161.1FT AGL) U/S",KPWK,KZAU/QOLAS/IV/M/AE/000/009/4206N08754W005,KZAU,QOLAS,IV,M,AE,0.0,9.0,4206N08754W005,KPWK,2606081744,2608152359,,TOWER LGT (ASR 1253380) 420820.20N0875307.40W (1.7NM NNE PWK) 817.9FT (161.1FT AGL) U/S,lighting,advisory
KPWK-06-048,"06/048 NOTAMN 
 Q) KZAU/QOLAS/IV/M/AE/000/009/4206N08754W005 
 A) KPWK 
 B) 2606081745 
 C) 2608152359 
 E) TOWER LGT (ASR 1253382) 420824.10N0875306.90W (1.7NM NNE PWK) 817.9FT (161.7FT AGL) U/S",KPWK,KZAU/QOLAS/IV/M/AE/000/009/4206N08754W005,KZAU,QOLAS,IV,M,AE,0.0,9.0,4206N08754W005,KPWK,2606081745,2608152359,,TOWER LGT (ASR 1253382) 420824.10N0875306.90W (1.7NM NNE PWK) 817.9FT (161.7FT AGL) U/S,lighting,advisory
KPWK-06-049,"06/049 NOTAMN 
 Q) KZAU/QOLAS/IV/M/AE/000/009/4206N08754W005 
 A) KPWK 
 B) 2606081745 
 C) 2608152359 
 E) TOWER LGT (ASR 1253385) 420824.20N0875308.50W (1.7NM NNE PWK) 817.9FT (161.1FT AGL) U/S",KPWK,KZAU/QOLAS/IV/M/AE/000/009/4206N08754W005,KZAU,QOLAS,IV,M,AE,0.0,9.0,4206N08754W005,KPWK,2606081745,2608152359,,TOWER LGT (ASR 1253385) 420824.20N0875308.50W (1.7NM NNE PWK) 817.9FT (161.1FT AGL) U/S,lighting,advisory
KPWK-07-023,"07/023 NOTAMN 
 Q) KZAU/QOLAS/IV/M/E/000/009/4206N08754W005 
 A) KPWK 
 B) 2607080625 
 C) 2607230525 
 E) TOWER LGT (ASR 1213664) 421535.60N0875148.00W (8.9NM NE PWK) 819.9FT (149.9FT AGL) U/S",KPWK,KZAU/QOLAS/IV/M/E/000/009/4206N08754W005,KZAU,QOLAS,IV,M,E,0.0,9.0,4206N08754W005,KPWK,2607080625,2607230525,,TOWER LGT (ASR 1213664) 421535.60N0875148.00W (8.9NM NE PWK) 819.9FT (149.9FT AGL) U/S,lighting,advisory
KPWK-07-030,"07/030 NOTAMN 
Q) KZAU/QFAXX/IV/NBO/A/000/999/4206N08754W005 
A) KPWK 
B) 2607162030 
C) 2607170200 

E) AP SFC COND NOT REP",KPWK,KZAU/QFAXX/IV/NBO/A/000/999/4206N08754W005,KZAU,QFAXX,IV,NBO,A,0.0,999.0,4206N08754W005,KPWK,2607162030,2607170200,,AP SFC COND NOT REP,other,informational
KPWK-07-031,"07/031 NOTAMN 
Q) KZAU/QFAXX/IV/NBO/A/000/999/4206N08754W005 
A) KPWK 
B) 2607172030 
C) 2607180200 

E) AP SFC COND NOT REP",KPWK,KZAU/QFAXX/IV/NBO/A/000/999/4206N08754W005,KZAU,QFAXX,IV,NBO,A,0.0,999.0,4206N08754W005,KPWK,2607172030,2607180200,,AP SFC COND NOT REP,other,informational
KPWK-07-032,"07/032 NOTAMN 
Q) KZAU/QFAXX/IV/NBO/A/000/999/4206N08754W005 
A) KPWK 
B) 2607181130 
C) 2607192030 

E) AP SFC COND NOT REP",KPWK,KZAU/QFAXX/IV/NBO/A/000/999/4206N08754W005,KZAU,QFAXX,IV,NBO,A,0.0,999.0,4206N08754W005,KPWK,2607181130,2607192030,,AP SFC COND NOT REP,other,informational
KPWK-07-033,"07/033 NOTAMN 
Q) KZAU/QFAXX/IV/NBO/A/000/999/4206N08754W005 
A) KPWK 
B) 2607191130 
C) 2607192030 

E) AP SFC COND NOT REP",KPWK,KZAU/QFAXX/IV/NBO/A/000/999/4206N08754W005,KZAU,QFAXX,IV,NBO,A,0.0,999.0,4206N08754W005,KPWK,2607191130,2607192030,,AP SFC COND NOT REP,other,informational
KVNY-6-7431,"Q) KZLA/QPIXX/I/NBO/A/000/999/3412N11829W005
A) KVNY
B) 2601271727
C) 2609081727EST
E) VNY VAN NUYS, VAN NUYS, CA.
ILS Z RWY 16R, AMDT 1...
S-ILS 16R DA 1167/HAT 374 ALL CATS, VIS ALL CATS RVR 5000. TEMPORARY CRANE 952 MSL 1281FT NE OF RWY 16R (2024-AWP-8282-OE).",KVNY,KZLA/QPIXX/I/NBO/A/000/999/3412N11829W005,KZLA,QPIXX,I,NBO,A,0.0,999.0,3412N11829W005,KVNY,2601271727,2609081727EST,,"VNY VAN NUYS, VAN NUYS, CA.
ILS Z RWY 16R, AMDT 1...
S-ILS 16R DA 1167/HAT 374 ALL CATS, VIS ALL CATS RVR 5000. TEMPORARY CRANE 952 MSL 1281FT NE OF RWY 16R (2024-AWP-8282-OE).",navaid,advisory
KVNY-6-4856,"Q) KZLA/QPIXX/I/NBO/A/000/999/3412N11829W005
A) KVNY
B) 2602171459
C) 2802271458EST
E) VNY VAN NUYS, VAN NUYS, CA.
ILS Y RWY 16R, AMDT 6A...
ILS Z RWY 16R, AMDT 1...
NOTE: AUTOPILOT COUPLED APPROACH NA BELOW 1509.",KVNY,KZLA/QPIXX/I/NBO/A/000/999/3412N11829W005,KZLA,QPIXX,I,NBO,A,0.0,999.0,3412N11829W005,KVNY,2602171459,2802271458EST,,"VNY VAN NUYS, VAN NUYS, CA.
ILS Y RWY 16R, AMDT 6A...
ILS Z RWY 16R, AMDT 1...
NOTE: AUTOPILOT COUPLED APPROACH NA BELOW 1509.",navaid,advisory
KVNY-6-8700,"Q) KZLA/QPDCH/I/NBO/A/000/999/3412N11829W005
A) KVNY
B) 2405071728
C) 2412171727EST
E) VNY VAN NUYS, VAN NUYS, CA.
CANOGA THREE DEPARTURE...
AVENAL TRANSITION NA EXCEPT FOR ACFT EQUIPPED WITH SUITABLE RNAV SYSTEM WITH GPS.
GMN VOR R-310 RESTRICTED.",KVNY,KZLA/QPDCH/I/NBO/A/000/999/3412N11829W005,KZLA,QPDCH,I,NBO,A,0.0,999.0,3412N11829W005,KVNY,2405071728,2412171727EST,,"VNY VAN NUYS, VAN NUYS, CA.
CANOGA THREE DEPARTURE...
AVENAL TRANSITION NA EXCEPT FOR ACFT EQUIPPED WITH SUITABLE RNAV SYSTEM WITH GPS.
GMN VOR R-310 RESTRICTED.",navaid,advisory
KVNY-06-008,"06/008 NOTAMN 
 Q) KZLA/QOLAS/IV/M/AE/000/009/3412N11829W005 
 A) KVNY 
 B) 2606050242 
 C) 2607200241 
 E) TOWER LGT (ASN 2020-AWP-8500-OE) 341200N1182931W (0.6NM S VNY) 815FT (60FT AGL) U/S",KVNY,KZLA/QOLAS/IV/M/AE/000/009/3412N11829W005,KZLA,QOLAS,IV,M,AE,0.0,9.0,3412N11829W005,KVNY,2606050242,2607200241,,TOWER LGT (ASN 2020-AWP-8500-OE) 341200N1182931W (0.6NM S VNY) 815FT (60FT AGL) U/S,lighting,advisory
KVNY-6-7944,"Q) KZLA/QPIXX/I/NBO/A/000/999/3412N11829W005
A) KVNY
B) 2605161840
C) 2612261840EST
E) VNY VAN NUYS, VAN NUYS, CA.
ILS Y RWY 16R, AMDT 6A...
ILS Z RWY 16R, AMDT 1...
ALTERNATE MNM NA EXCEPT FOR ACFT EQUIPPED WITH SUITABLE RNAV SYSTEM WITH GPS,
FIM VORTAC NOT MNT.",KVNY,KZLA/QPIXX/I/NBO/A/000/999/3412N11829W005,KZLA,QPIXX,I,NBO,A,0.0,999.0,3412N11829W005,KVNY,2605161840,2612261840EST,,"VNY VAN NUYS, VAN NUYS, CA.
ILS Y RWY 16R, AMDT 6A...
ILS Z RWY 16R, AMDT 1...
ALTERNATE MNM NA EXCEPT FOR ACFT EQUIPPED WITH SUITABLE RNAV SYSTEM WITH GPS,
FIM VORTAC NOT MNT.",navaid,advisory
KVNY-07-003,"07/003 NOTAMR 
Q) KZLA/QLPAS/IV/BO/A/000/999/3412N11829W005 
A) KVNY 
B) 2607011929 
C) 2607152359EST 

E) RWY 34L PAPI U/S",KVNY,KZLA/QLPAS/IV/BO/A/000/999/3412N11829W005,KZLA,QLPAS,IV,BO,A,0.0,999.0,3412N11829W005,KVNY,2607011929,2607152359EST,,RWY 34L PAPI U/S,runway,critical
KVNY-07-016,"07/016 NOTAMN 
 Q) KZLA/QOLAS/IV/M/AE/000/011/3412N11829W005 
 A) KVNY 
 B) 2607111134 
 C) 2608102300 
 E) TOWER LGT (ASR 1267898) 341420.60N1183504.40W (5.0NM WNW VNY) 1097.1FT (204.1FT AGL) U/S",KVNY,KZLA/QOLAS/IV/M/AE/000/011/3412N11829W005,KZLA,QOLAS,IV,M,AE,0.0,11.0,3412N11829W005,KVNY,2607111134,2608102300,,TOWER LGT (ASR 1267898) 341420.60N1183504.40W (5.0NM WNW VNY) 1097.1FT (204.1FT AGL) U/S,lighting,advisory
KVNY-07-019,"07/019 NOTAMR 
Q) KZLA/QLAAS/IV/NBO/A/000/999/3412N11829W005 
A) KVNY 
B) 2607131257 
C) 2607222359EST 
E) RWY 16R MEDIUM INTST ALS WITH RAI LGT U/S",KVNY,KZLA/QLAAS/IV/NBO/A/000/999/3412N11829W005,KZLA,QLAAS,IV,NBO,A,0.0,999.0,3412N11829W005,KVNY,2607131257,2607222359EST,,RWY 16R MEDIUM INTST ALS WITH RAI LGT U/S,runway,critical
KAPA-5-2970,"Q) KZDV/QPIXX/I/NBO/A/000/999/3934N10450W005
A) KAPA
B) 2501131939
C) 2508251937EST
E) APA CENTENNIAL, DENVER, CO.
ILS OR LOC RWY 35R, AMDT 11B...
ADD NOTE: AUTOPILOT COUPLED APPROACH NOT AUTHORIZED BELOW 6295FT MSL.",KAPA,KZDV/QPIXX/I/NBO/A/000/999/3934N10450W005,KZDV,QPIXX,I,NBO,A,0.0,999.0,3934N10450W005,KAPA,2501131939,2508251937EST,,"APA CENTENNIAL, DENVER, CO.
ILS OR LOC RWY 35R, AMDT 11B...
ADD NOTE: AUTOPILOT COUPLED APPROACH NOT AUTHORIZED BELOW 6295FT MSL.",navaid,advisory
KAPA-07-053,"07/053 NOTAMN 
Q) KZDV/QOBXX/IV/M//000//3934N10450W005 
A) KAPA 
B) 2507281300 
C) 2607290100 
E) CRANE (ASN 2025-ANM-3695-OE) 393157N1045205W (2.4NM SSW APA) 6194FT (197FT AGL) FLAGGED",KAPA,KZDV/QOBXX/IV/M//000//3934N10450W005,KZDV,QOBXX,IV,M,,0.0,,3934N10450W005,KAPA,2507281300,2607290100,,CRANE (ASN 2025-ANM-3695-OE) 393157N1045205W (2.4NM SSW APA) 6194FT (197FT AGL) FLAGGED,lighting,advisory
KAPA-5-8611,"Q) KZDV/QPIXX/I/NBO/A/000/999/3934N10450W005
A) KAPA
B) 2507311458
C) 2707311457EST
E) APA CENTENNIAL, DENVER, CO.
RNAV (GPS) RWY 28, AMDT 1C...
ALTERNATE MINIMUMS: CAT C: 900-2 1/2; CAT D: 1100-3.",KAPA,KZDV/QPIXX/I/NBO/A/000/999/3934N10450W005,KZDV,QPIXX,I,NBO,A,0.0,999.0,3934N10450W005,KAPA,2507311458,2707311457EST,,"APA CENTENNIAL, DENVER, CO.
RNAV (GPS) RWY 28, AMDT 1C...
ALTERNATE MINIMUMS: CAT C: 900-2 1/2; CAT D: 1100-3.",navaid,advisory
KAPA-5-7768,"Q) KZDV/QPIXX/I/NBO/A/000/999/3934N10450W005
A) KAPA
B) 2512071225
C) 2607191225EST
E) APA CENTENNIAL, DENVER, CO.
RNAV (RNP) Z RWY 17L, ORIG...
RNP 0.30 DA 6133/HAT 310 ALL CATS. TEMPORARY CRANE 5803 MSL 4938FT NORTH OF RWY 17L (2025-ANM-6990-OE).",KAPA,KZDV/QPIXX/I/NBO/A/000/999/3934N10450W005,KZDV,QPIXX,I,NBO,A,0.0,999.0,3934N10450W005,KAPA,2512071225,2607191225EST,,"APA CENTENNIAL, DENVER, CO.
RNAV (RNP) Z RWY 17L, ORIG...
RNP 0.30 DA 6133/HAT 310 ALL CATS. TEMPORARY CRANE 5803 MSL 4938FT NORTH OF RWY 17L (2025-ANM-6990-OE).",navaid,advisory
KAPA-5-2503,"Q) KZDV/QPIXX/I/NBO/A/000/999/3934N10450W005
A) KAPA
B) 2512221642
C) 2608031642EST
E) APA CENTENNIAL, DENVER, CO.
ILS OR LOC RWY 35R, AMDT 11B...
CIRCLING CAT D MDA 6900/HAA 1015/VIS 3.",KAPA,KZDV/QPIXX/I/NBO/A/000/999/3934N10450W005,KZDV,QPIXX,I,NBO,A,0.0,999.0,3934N10450W005,KAPA,2512221642,2608031642EST,,"APA CENTENNIAL, DENVER, CO.
ILS OR LOC RWY 35R, AMDT 11B...
CIRCLING CAT D MDA 6900/HAA 1015/VIS 3.",navaid,advisory
KAPA-5-2507,"Q) KZDV/QPIXX/I/NBO/A/000/999/3934N10450W005
A) KAPA
B) 2512221655
C) 2607311655EST
E) APA CENTENNIAL, DENVER, CO.
RNAV (GPS) RWY 35R, AMDT 1B...
LNAV MDA 6440/HAT 555 ALL CATS, VISIBILITY CATS C/D 1 1/4.
CIRCLING CAT A MDA 6440/HAA 555, CAT D MDA 6900/HAA 1015, VISIBILITY CAT D 3.
VDP 1.46 NM TO RW35R.",KAPA,KZDV/QPIXX/I/NBO/A/000/999/3934N10450W005,KZDV,QPIXX,I,NBO,A,0.0,999.0,3934N10450W005,KAPA,2512221655,2607311655EST,,"APA CENTENNIAL, DENVER, CO.
RNAV (GPS) RWY 35R, AMDT 1B...
LNAV MDA 6440/HAT 555 ALL CATS, VISIBILITY CATS C/D 1 1/4.
CIRCLING CAT A MDA 6440/HAA 555, CAT D MDA 6900/HAA 1015, VISIBILITY CAT D 3.
VDP 1.46 NM TO RW35R.",navaid,advisory
KAPA-6-0365,"Q) KZDV/QPDCH/I/NBO/A/000/999/3934N10450W005
A) KAPA
B) 2506290523
C) 2602080523EST
E) APA CENTENNIAL, DENVER, CO.
PIKES THREE DEPARTURE...
ALAMOSA TRANSITION, BINKE TRANSITION NA EXCEPT FOR AIRCRAFT EQUIPPED WITH SUITABLE RNAV SYSTEM WITH GPS,
ALS VORTAC U/S.",KAPA,KZDV/QPDCH/I/NBO/A/000/999/3934N10450W005,KZDV,QPDCH,I,NBO,A,0.0,999.0,3934N10450W005,KAPA,2506290523,2602080523EST,,"APA CENTENNIAL, DENVER, CO.
PIKES THREE DEPARTURE...
ALAMOSA TRANSITION, BINKE TRANSITION NA EXCEPT FOR AIRCRAFT EQUIPPED WITH SUITABLE RNAV SYSTEM WITH GPS,
ALS VORTAC U/S.",navaid,critical
KAPA-01-061,"01/061 NOTAMN 
Q) KZDV//IV/M//000//3934N10450W005 
A) KAPA 
B) 2601100321 
C) 2705152100 
E) CRANE LGT (ASN UNKNOWN) 393729N1045336W ( 3.1NM NW ( APCH END RWY 17L))( UNKNOWN) ( 170FT AGL) FLAGGED AND LGTD",KAPA,KZDV//IV/M//000//3934N10450W005,KZDV,,IV,M,,0.0,,3934N10450W005,KAPA,2601100321,2705152100,,CRANE LGT (ASN UNKNOWN) 393729N1045336W ( 3.1NM NW ( APCH END RWY 17L))( UNKNOWN) ( 170FT AGL) FLAGGED AND LGTD,lighting,advisory
KAPA-01-092,"01/092 NOTAMN 
Q) KZDV/QOBXX/IV/M//000//3934N10450W005 
A) KAPA 
B) 2601201400 
C) 2705172300 
E) CRANE (ASN 2025-ANM-5667-OE) 393733N1045333W (3.9NM NNW APA) 5833FT (205FT AGL) FLAGGED AND LGTD",KAPA,KZDV/QOBXX/IV/M//000//3934N10450W005,KZDV,QOBXX,IV,M,,0.0,,3934N10450W005,KAPA,2601201400,2705172300,,CRANE (ASN 2025-ANM-5667-OE) 393733N1045333W (3.9NM NNW APA) 5833FT (205FT AGL) FLAGGED AND LGTD,lighting,advisory
KAPA-6-5275,"Q) KZDV/QPDCH/I/NBO/A/000/999/3934N10450W005
A) KAPA
B) 2606031519
C) 2701131517EST
E) APA CENTENNIAL, DENVER, CO.
ECHOO ONE DEPARTURE (RNAV)...
DUUZE TRANSITION: POIZN TO COTNN MOCA 6400.
ALL OTHER DATA REMAINS AS PUBLISHED.",KAPA,KZDV/QPDCH/I/NBO/A/000/999/3934N10450W005,KZDV,QPDCH,I,NBO,A,0.0,999.0,3934N10450W005,KAPA,2606031519,2701131517EST,,"APA CENTENNIAL, DENVER, CO.
ECHOO ONE DEPARTURE (RNAV)...
DUUZE TRANSITION: POIZN TO COTNN MOCA 6400.
ALL OTHER DATA REMAINS AS PUBLISHED.",navaid,advisory
KAPA-06-024,"06/024 NOTAMN 
 Q) KZDV/QOLAS/IV/M/E/000/057/3934N10450W005 
 A) KAPA 
 B) 2606040324 
 C) 2607190323 
 E) TOWER LGT (ASN 2021-ANM-3219-OE) 394252N1044605W (9.4NM NNE APA) 5655FT (103FT AGL) U/S",KAPA,KZDV/QOLAS/IV/M/E/000/057/3934N10450W005,KZDV,QOLAS,IV,M,E,0.0,57.0,3934N10450W005,KAPA,2606040324,2607190323,,TOWER LGT (ASN 2021-ANM-3219-OE) 394252N1044605W (9.4NM NNE APA) 5655FT (103FT AGL) U/S,lighting,advisory
KAPA-6-9074,"Q) KZDV/QPDCH/I/NBO/A/000/999/3934N10450W005
A) KAPA
B) 2506121229
C) 2601221229EST
E) APA CENTENNIAL, DENVER, CO.
PLAINS TWO DEPARTURE...
GARDEN CITY TRANSITION NA EXCEPT FOR ACFT EQUIPPED WITH SUITABLE RNAV SYSTEM WITH GPS,
GCK VORTAC U/S.",KAPA,KZDV/QPDCH/I/NBO/A/000/999/3934N10450W005,KZDV,QPDCH,I,NBO,A,0.0,999.0,3934N10450W005,KAPA,2506121229,2601221229EST,,"APA CENTENNIAL, DENVER, CO.
PLAINS TWO DEPARTURE...
GARDEN CITY TRANSITION NA EXCEPT FOR ACFT EQUIPPED WITH SUITABLE RNAV SYSTEM WITH GPS,
GCK VORTAC U/S.",navaid,critical
KAPA-6-0393,"Q) KZDV/QPDCH/I/NBO/A/000/999/3934N10450W005
A) KAPA
B) 2605081322
C) 2612181322EST
E) APA CENTENNIAL, DENVER, CO.
ROCKIES SEVEN DEPARTURE...
DOVE CREEK TRANSITION,MONTROSE TRANSITION NA EXCEPT FOR ACFT EQUIPPED WITH SUITABLE RNAV SYSTEM WITH GPS,
MTJ VOR U/S.",KAPA,KZDV/QPDCH/I/NBO/A/000/999/3934N10450W005,KZDV,QPDCH,I,NBO,A,0.0,999.0,3934N10450W005,KAPA,2605081322,2612181322EST,,"APA CENTENNIAL, DENVER, CO.
ROCKIES SEVEN DEPARTURE...
DOVE CREEK TRANSITION,MONTROSE TRANSITION NA EXCEPT FOR ACFT EQUIPPED WITH SUITABLE RNAV SYSTEM WITH GPS,
MTJ VOR U/S.",navaid,critical
KAPA-06-041,"06/041 NOTAMR 
Q) KZDV/QOBXX/IV/M//000//3934N10450W005 
A) KAPA 
B) 2606241615 
C) 2608082300 
E) CRANE (ASN 2026-ANM-1909-OE) 393143N1045214W (2.7NM SSW APA) 6178FT (155FT AGL) FLAGGED",KAPA,KZDV/QOBXX/IV/M//000//3934N10450W005,KZDV,QOBXX,IV,M,,0.0,,3934N10450W005,KAPA,2606241615,2608082300,,CRANE (ASN 2026-ANM-1909-OE) 393143N1045214W (2.7NM SSW APA) 6178FT (155FT AGL) FLAGGED,lighting,advisory
KAPA-06-058,"06/058 NOTAMR 
Q) KZDV/QICXX/IV/NBO/A/000/999/3934N10450W025 
A) KAPA 
B) 2606260941 
C) 2612152000EST 

E) ILS RWY 35R NOT MNT",KAPA,KZDV/QICXX/IV/NBO/A/000/999/3934N10450W025,KZDV,QICXX,IV,NBO,A,0.0,999.0,3934N10450W025,KAPA,2606260941,2612152000EST,,ILS RWY 35R NOT MNT,runway,advisory
KAPA-6-1550,"Q) KZDV/QPIXX/I/NBO/A/000/999/3934N10450W005
A) KAPA
B) 2606291743
C) 2702081743EST
E) APA CENTENNIAL, DENVER, CO.
ILS OR LOC RWY 35R, AMDT 11B...
S-LOC 35R MDA 6540/HAT 655 ALL CATS, VIS CATS C/D 1 3/8. 
SIDESTEP 35R MDA 6540/HAT 655 ALL CATS.
CIRCLING CAT A 6540/HAA 655.
TEMPORARY CRANE, 6231FT MSL, 2.1NM S OF RWY 35R (2025-ANM-2025-1007-OE).",KAPA,KZDV/QPIXX/I/NBO/A/000/999/3934N10450W005,KZDV,QPIXX,I,NBO,A,0.0,999.0,3934N10450W005,KAPA,2606291743,2702081743EST,,"APA CENTENNIAL, DENVER, CO.
ILS OR LOC RWY 35R, AMDT 11B...
S-LOC 35R MDA 6540/HAT 655 ALL CATS, VIS CATS C/D 1 3/8. 
SIDESTEP 35R MDA 6540/HAT 655 ALL CATS.
CIRCLING CAT A 6540/HAA 655.
TEMPORARY CRANE, 6231FT MSL, 2.1NM S OF RWY 35R (2025-ANM-2025-1007-OE).",navaid,advisory
KAPA-6-1551,"Q) KZDV/QPIXX/I/NBO/A/000/999/3934N10450W005
A) KAPA
B) 2606291744
C) 2702081743EST
E) APA CENTENNIAL, DENVER, CO.
RNAV (GPS) RWY 35R, AMDT 1B...
LNAV MDA 6540/HAT 655 ALL CATS, VIS CATS C/D 1 3/8.
CIRCLING CAT A 6540/HAA 655.
TEMPORARY CRANE, 6231FT MSL, 2.1NM S OF RWY 35R (2025-ANM-2025-1007-OE).",KAPA,KZDV/QPIXX/I/NBO/A/000/999/3934N10450W005,KZDV,QPIXX,I,NBO,A,0.0,999.0,3934N10450W005,KAPA,2606291744,2702081743EST,,"APA CENTENNIAL, DENVER, CO.
RNAV (GPS) RWY 35R, AMDT 1B...
LNAV MDA 6540/HAT 655 ALL CATS, VIS CATS C/D 1 3/8.
CIRCLING CAT A 6540/HAA 655.
TEMPORARY CRANE, 6231FT MSL, 2.1NM S OF RWY 35R (2025-ANM-2025-1007-OE).",navaid,advisory
KAPA-6-5634,"Q) KZDV/QPDAO/I/NBO/A/000/999/3934N10450W005
A) KAPA
B) 2607141645
C) 2702231642EST
E) APA CENTENNIAL, DENVER, CO.
TAKEOFF MINIMUMS AND (OBSTACLE) DEPARTURE PROCEDURES AMDT 5A...
TAKEOFF MINIMUMS: RWY 17R, 300-1 OR DEPARTURE NA. BUILDING 2955FT FROM DER, 918FT RIGHT OF CENTERLINE, 185 AGL/6117 MSL (2026-ANM-4214-OE) ADD TAKEOFF OBSTACLE NOTE: RWY 17L, INTERSTATE HIGHWAY SIGN 1933 FT FROM DER, 869 FT RIGHT OF CENTERLINE, 40 FT AGL/5942 FT MSL.
ALL OTHER DATA REMAINS AS PUBLISHED.",KAPA,KZDV/QPDAO/I/NBO/A/000/999/3934N10450W005,KZDV,QPDAO,I,NBO,A,0.0,999.0,3934N10450W005,KAPA,2607141645,2702231642EST,,"APA CENTENNIAL, DENVER, CO.
TAKEOFF MINIMUMS AND (OBSTACLE) DEPARTURE PROCEDURES AMDT 5A...
TAKEOFF MINIMUMS: RWY 17R, 300-1 OR DEPARTURE NA. BUILDING 2955FT FROM DER, 918FT RIGHT OF CENTERLINE, 185 AGL/6117 MSL (2026-ANM-4214-OE) ADD TAKEOFF OBSTACLE NOTE: RWY 17L, INTERSTATE HIGHWAY SIGN 1933 FT FROM DER, 869 FT RIGHT OF CENTERLINE, 40 FT AGL/5942 FT MSL.
ALL OTHER DATA REMAINS AS PUBLISHED.",navaid,advisory
KAPA-6-5635,"Q) KZDV/QPDAO/I/NBO/A/000/999/3934N10450W005
A) KAPA
B) 2607141650
C) 2702231649EST
E) APA CENTENNIAL, DENVER, CO.
DENVER THREE DEPARTURE...
ECHOO ONE DEPARTURE (RNAV)...
MRSHH TWO DEPARTURE (RNAV)...
PIKES THREE DEPARTURE...
PLAINS TWO DEPARTURE...
ROCKIES SEVEN DEPARTURE...
SKYEE ONE DEPARTURE (RNAV)...
WNGSS ONE DEPARTURE (RNAV)...
YELLOWSTONE FIVE DEPARTURE...
TAKEOFF MINIMUMS: RWY 17R, 300-1 OR DEPARTURE NA. BUILDING 2955FT FROM DER, 918FT RIGHT OF CENTERLINE, 185 AGL/6117 MSL (2026-ANM-4214-OE).
ALL OTHER DATA REMAINS AS PUBLISHED.",KAPA,KZDV/QPDAO/I/NBO/A/000/999/3934N10450W005,KZDV,QPDAO,I,NBO,A,0.0,999.0,3934N10450W005,KAPA,2607141650,2702231649EST,,"APA CENTENNIAL, DENVER, CO.
DENVER THREE DEPARTURE...
ECHOO ONE DEPARTURE (RNAV)...
MRSHH TWO DEPARTURE (RNAV)...
PIKES THREE DEPARTURE...
PLAINS TWO DEPARTURE...
ROCKIES SEVEN DEPARTURE...
SKYEE ONE DEPARTURE (RNAV)...
WNGSS ONE DEPARTURE (RNAV)...
YELLOWSTONE FIVE DEPARTURE...
TAKEOFF MINIMUMS: RWY 17R, 300-1 OR DEPARTURE NA. BUILDING 2955FT FROM DER, 918FT RIGHT OF CENTERLINE, 185 AGL/6117 MSL (2026-ANM-4214-OE).
ALL OTHER DATA REMAINS AS PUBLISHED.",navaid,advisory
KAPA-6-5637,"Q) KZDV/QPIXX/I/NBO/A/000/999/3934N10450W005
A) KAPA
B) 2607141723
C) 2702231722EST
E) APA CENTENNIAL, DENVER, CO.
ILS OR LOC RWY 35R, AMDT 11B...
RNAV (GPS) RWY 28, AMDT 1C...
RNAV (GPS) RWY 35R, AMDT 1B...
RNAV (GPS) Y RWY 17L, AMDT 2B...
CIRCLING CAT A MDA 6480/HAA 595. BUILDING 6117 MSL, 1.2NM FROM KAPA AIRPORT (2026-ANM-4214-OE).",KAPA,KZDV/QPIXX/I/NBO/A/000/999/3934N10450W005,KZDV,QPIXX,I,NBO,A,0.0,999.0,3934N10450W005,KAPA,2607141723,2702231722EST,,"APA CENTENNIAL, DENVER, CO.
ILS OR LOC RWY 35R, AMDT 11B...
RNAV (GPS) RWY 28, AMDT 1C...
RNAV (GPS) RWY 35R, AMDT 1B...
RNAV (GPS) Y RWY 17L, AMDT 2B...
CIRCLING CAT A MDA 6480/HAA 595. BUILDING 6117 MSL, 1.2NM FROM KAPA AIRPORT (2026-ANM-4214-OE).",navaid,advisory
KAPA-6-5644,"Q) KZDV/QXXXX/I/NBO/A/000/999/3934N10450W025
A) KAPA
B) 2607141749
C) 2702231748EST
E) ODP CENTENNIAL, DENVER, CO.
DIVERSE VECTOR AREA, ORIG ...
RWY 17R, DEPARTURE NA - OBSTACLE. BUILDING 2955FT FROM DER, 918FT RIGHT OF CENTERLINE, 185 AGL/6117 MSL (2026-ANM-4214-OE)",KAPA,KZDV/QXXXX/I/NBO/A/000/999/3934N10450W025,KZDV,QXXXX,I,NBO,A,0.0,999.0,3934N10450W025,KAPA,2607141749,2702231748EST,,"ODP CENTENNIAL, DENVER, CO.
DIVERSE VECTOR AREA, ORIG ...
RWY 17R, DEPARTURE NA - OBSTACLE. BUILDING 2955FT FROM DER, 918FT RIGHT OF CENTERLINE, 185 AGL/6117 MSL (2026-ANM-4214-OE)",runway,advisory
KAPA-07-016,"07/016 NOTAMN 
Q) KZDV/QOBXX/IV/M//000//3934N10450W005 
A) KAPA 
B) 2607151330 
C) 2607152200 
E) CRANE (ASN 2026-ANM-3282-OE) 393539N1045036W (1.5NM NE APA) 5848FT (145FT AGL) FLAGGED AND LGTD",KAPA,KZDV/QOBXX/IV/M//000//3934N10450W005,KZDV,QOBXX,IV,M,,0.0,,3934N10450W005,KAPA,2607151330,2607152200,,CRANE (ASN 2026-ANM-3282-OE) 393539N1045036W (1.5NM NE APA) 5848FT (145FT AGL) FLAGGED AND LGTD,lighting,advisory
KAPA-6-5803,"Q) KZDV/QPDCH/I/NBO/A/000/999/3934N10450W005
A) KAPA
B) 2509011524
C) 2604131524EST
E) APA CENTENNIAL, DENVER, CO.
DENVER THREE DEPARTURE...
SIDNEY TRANSITION NA EXCEPT FOR ACFT EQUIPPED WITH SUITABLE RNAV SYSTEM WITH GPS,
SNY VOR/DME U/S.",KAPA,KZDV/QPDCH/I/NBO/A/000/999/3934N10450W005,KZDV,QPDCH,I,NBO,A,0.0,999.0,3934N10450W005,KAPA,2509011524,2604131524EST,,"APA CENTENNIAL, DENVER, CO.
DENVER THREE DEPARTURE...
SIDNEY TRANSITION NA EXCEPT FOR ACFT EQUIPPED WITH SUITABLE RNAV SYSTEM WITH GPS,
SNY VOR/DME U/S.",navaid,critical
KAPA-07-029,"07/029 NOTAMN 
Q) KZDV/QMXHW/IV/M/A/000/999/3934N10450W005 
A) KAPA 
B) 2607151457 
C) 2607151800 

E) TWY D WIP GRASS CUTTING",KAPA,KZDV/QMXHW/IV/M/A/000/999/3934N10450W005,KZDV,QMXHW,IV,M,A,0.0,999.0,3934N10450W005,KAPA,2607151457,2607151800,,TWY D WIP GRASS CUTTING,taxiway,informational
KAPA-07-014,"07/014 NOTAMN 
Q) KZDV/QMRLC/IV/NBO/A/000/999/3934N10450W005 
A) KAPA 
B) 2607151900 
C) 2607152100 

E) RWY 10/28 CLSD",KAPA,KZDV/QMRLC/IV/NBO/A/000/999/3934N10450W005,KZDV,QMRLC,IV,NBO,A,0.0,999.0,3934N10450W005,KAPA,2607151900,2607152100,,RWY 10/28 CLSD,runway,critical
KAPA-07-023,"07/023 NOTAMN 
Q) KZDV/QMXLC/IV/M/A/000/999/3934N10450W005 
A) KAPA 
B) 2607151900 
C) 2607151930 

E) TWY D CLSD",KAPA,KZDV/QMXLC/IV/M/A/000/999/3934N10450W005,KZDV,QMXLC,IV,M,A,0.0,999.0,3934N10450W005,KAPA,2607151900,2607151930,,TWY D CLSD,taxiway,critical
ZNY-A0429-09,"A0429/09 NOTAMR A0151/03
A) KZNY B) WIE C) UFN 
E) QXXXX BEACON CODE PROCEDURES IN THE WEST ATLANTIC
 ROUTE SYSTEM (WATRS) AREA
 EFFECTIVE IMMEDIATELY, ALL AIRCRAFT TRANSITIONING INTO THE
 WEST ATLANTIC ROUTE SYSTEM (WATRS) VIA FIXED ATS 
 ROUTES SHALL REMAIN ON THE LAST ATC-ASSIGNED BEACON CODE.",ZNY,,,,,,,,,,KZNY,WIE,UFN,,"QXXXX BEACON CODE PROCEDURES IN THE WEST ATLANTIC
 ROUTE SYSTEM (WATRS) AREA
 EFFECTIVE IMMEDIATELY, ALL AIRCRAFT TRANSITIONING INTO THE
 WEST ATLANTIC ROUTE SYSTEM (WATRS) VIA FIXED ATS 
 ROUTES SHALL REMAIN ON THE LAST ATC-ASSIGNED BEACON CODE.",airspace,advisory
ZNY-A0258-10,"A0258/10 NOTAMN A) KZNY PART 1 OF 2 B) 1003121253 C) UFN E)
QXXXX THIS NOTAM REVISES NOTAM A0379/09. NO PROCEDURAL CHANGES 
HAVE BEEN MADE. IT HAS BEEN EDITED FOR BREVITY. 
WESTBOUND OCEANIC FLIGHT CLEARANCE PROCEDURES. 
DUE TO REGIONAL AIR TRAFFIC CONTROL AUTOMATION SYSTEM COMPATIBLY 
PROBLEMS THE FOLLOWING MODIFICATION WERE MADE TO WESTBOUND OCEANIC 
FLIGHT CLEARANCE AND RECLEARANCE PROCEDURES IN THE NORTH ATLANTIC 
REGION ON MAY 11, 2009. THESE PROCEDURES ARE ONLY APPLIED WITHIN THE 
SHANWICK, GANDER, AND NEW YORK AREA CONTROL CENTERS AND CONTINUE IN 
FORCE AS FOLLOWS:
AIRCRAFT THAT WILL PROCEED SOUTH OF LATITUDE 39 NORTH AND WEST OF 
 LONGITUDE 67 WEST WILL BE CLEARED TO THE FIRST NAMED FIX IN THE 
 NEW YORK OCA THAT IS SPECIFIED IN THE AIRCRAFT'S FILED FLIGHT
 PLAN, FOLLOWED BY THE PHRASEOLOGY - VIA FLIGHT PLANNED ROUTE TO 
 DESTINATION.
AIRCRAFT THAT WILL PROCEED SOUTH OF LATITUDE 20 NORTH AND EAST OF 
 LONGITUDE 60 WEST WILL BE CLEARED TO THE LAST SET OF COORDINATES 
 SPECIFIED IN THE AIRCRAFT'S FILED FLIGHT PLAN PRIOR TO LATITUDE
 20 NORTH FOLLOWED BY THE PHRASEOLOGY - VIA FLIGHT PLANNED ROUTE 
 TO DESTINATION. 
END PART 1 OF 2
A0258/10 NOTAMN A) KZNY PART 2 OF 2 B) 1003121253 C) UFN E)
AIRCRAFT THAT HAVE BEEN TAKEN OFF THEIR FLIGHT PLANNED ROUTE WILL 
 BE RECLEARED TO A FIX SPECIFIED IN THE AIRCRAFT'S FILED FLIGHT 
 PLAN FOLLOWED BY THE PHRASEOLOGY VIA FLIGHT PLANNED ROUTE TO 
 DESTINATION. 
IT IS IMPERATIVE THAT OPERATORS FILE FLIGHT PLANS (FPL) AND FLIGHT 
PLAN CHANGE (CHG) MESSAGES THROUGH THE NEW YORK OCEANIC CTA/FIR USE 
THE ADDRESS KZWYZOZX. IT MUST BE NOTED THAT THE NEW YORK OCEANIC 
ADDRESS IS SEPARATE FROM THE NEW YORK DOMESTIC ADDRESS (KZNYZRZX). 
OPERATORS MAY FORWARD QUESTIONS TO: 
 SHANWICK ACC, FINLAY SMITH, ( FINLAY.SMITH@NATS.CO.UK ), 
 00-44-1292-692663 
 GANDER ACC, ROBERT FLEMING, ( FLEMINR@NAVCANADA.CA ), 
 (001)-709-651-5233 
 NEW YORK ACC, PETER EHRLEIN, ( PETER.C.EHRLEIN@FAA.GOV ), 
 (001)-631-468-1021
F) SFC
G) UNL
END PART 2 OF 2",ZNY,,,,,,,,,,KZNY,1003121253,UFN,,"QXXXX THIS NOTAM REVISES NOTAM A0379/09. NO PROCEDURAL CHANGES 
HAVE BEEN MADE. IT HAS BEEN EDITED FOR BREVITY. 
WESTBOUND OCEANIC FLIGHT CLEARANCE PROCEDURES. 
DUE TO REGIONAL AIR TRAFFIC CONTROL AUTOMATION SYSTEM COMPATIBLY 
PROBLEMS THE FOLLOWING MODIFICATION WERE MADE TO WESTBOUND OCEANIC 
FLIGHT CLEARANCE AND RECLEARANCE PROCEDURES IN THE NORTH ATLANTIC 
REGION ON MAY 11, 2009. THESE PROCEDURES ARE ONLY APPLIED WITHIN THE 
SHANWICK, GANDER, AND NEW YORK AREA CONTROL CENTERS AND CONTINUE IN 
FORCE AS FOLLOWS:
AIRCRAFT THAT WILL PROCEED SOUTH OF LATITUDE 39 NORTH AND WEST OF 
 LONGITUDE 67 WEST WILL BE CLEARED TO THE FIRST NAMED FIX IN THE 
 NEW YORK OCA THAT IS SPECIFIED IN THE AIRCRAFT'S FILED FLIGHT
 PLAN, FOLLOWED BY THE PHRASEOLOGY - VIA FLIGHT PLANNED ROUTE TO 
 DESTINATION.
AIRCRAFT THAT WILL PROCEED SOUTH OF LATITUDE 20 NORTH AND EAST OF 
 LONGITUDE 60 WEST WILL BE CLEARED TO THE LAST SET OF COORDINATES 
 SPECIFIED IN THE AIRCRAFT'S FILED FLIGHT PLAN PRIOR TO LATITUDE
 20 NORTH FOLLOWED BY THE PHRASEOLOGY - VIA FLIGHT PLANNED ROUTE 
 TO DESTINATION. 
END PART 1 OF 2
A0258/10 NOTAMN A) KZNY PART 2 OF 2 B) 1003121253 C) UFN E)
AIRCRAFT THAT HAVE BEEN TAKEN OFF THEIR FLIGHT PLANNED ROUTE WILL 
 BE RECLEARED TO A FIX SPECIFIED IN THE AIRCRAFT'S FILED FLIGHT 
 PLAN FOLLOWED BY THE PHRASEOLOGY VIA FLIGHT PLANNED ROUTE TO 
 DESTINATION. 
IT IS IMPERATIVE THAT OPERATORS FILE FLIGHT PLANS (FPL) AND FLIGHT 
PLAN CHANGE (CHG) MESSAGES THROUGH THE NEW YORK OCEANIC CTA/FIR USE 
THE ADDRESS KZWYZOZX. IT MUST BE NOTED THAT THE NEW YORK OCEANIC 
ADDRESS IS SEPARATE FROM THE NEW YORK DOMESTIC ADDRESS (KZNYZRZX). 
OPERATORS MAY FORWARD QUESTIONS TO: 
 SHANWICK ACC, FINLAY SMITH, ( FINLAY.SMITH@NATS.CO.UK ), 
 00-44-1292-692663 
 GANDER ACC, ROBERT FLEMING, ( FLEMINR@NAVCANADA.CA ), 
 (001)-709-651-5233 
 NEW YORK ACC, PETER EHRLEIN, ( PETER.C.EHRLEIN@FAA.GOV ), 
 (001)-631-468-1021
F) SFC
G) UNL
END PART 2 OF 2",airspace,advisory
ZNY-A0346-11,"A0346/11 NOTAMR A0345/11 
A) KZNY
B) 1106300400
C) UFN
E) QXXXX THREE WAYPOINTS NAMED JISEL, EXXES AND CEETE HAVE BEEN 
ESTABLISHED IN WARNING AREA 107. THEY ARE PUBLISHED, BUT NOT 
CHARTED, AND EXIST IN AIRCRAFT S FLIGHT MANAGEMENT SYSTEMS. DUE TO 
THE FACT THAT WARNING AREA AIRSPACE IS NOT ALWAYS AVAILABLE FOR AIR 
TRAFFIC CONTROL USE, ROUTING OVER JISEL, EXXES OR CEETE MAY NOT BE 
FLIGHT PLANNED BY PILOTS OR OPERATORS. FOR ADDITIONAL INFORMATION 
REGARDING THESE WAYPOINTS, CONTACT CHRIS WINKELEER AT 631-468-1018 OR
VIA E-MAIL AT CHRIS.WINKELEER@FAA.GOV. THIS NOTAM REPLACES NOTAM 
A0791/10
F) SFC
G) UNL",ZNY,,,,,,,,,,KZNY,1106300400,UFN,,"QXXXX THREE WAYPOINTS NAMED JISEL, EXXES AND CEETE HAVE BEEN 
ESTABLISHED IN WARNING AREA 107. THEY ARE PUBLISHED, BUT NOT 
CHARTED, AND EXIST IN AIRCRAFT S FLIGHT MANAGEMENT SYSTEMS. DUE TO 
THE FACT THAT WARNING AREA AIRSPACE IS NOT ALWAYS AVAILABLE FOR AIR 
TRAFFIC CONTROL USE, ROUTING OVER JISEL, EXXES OR CEETE MAY NOT BE 
FLIGHT PLANNED BY PILOTS OR OPERATORS. FOR ADDITIONAL INFORMATION 
REGARDING THESE WAYPOINTS, CONTACT CHRIS WINKELEER AT 631-468-1018 OR
VIA E-MAIL AT CHRIS.WINKELEER@FAA.GOV. THIS NOTAM REPLACES NOTAM 
A0791/10
F) SFC
G) UNL",airspace,advisory
ZNY-A0580-11,"A0580/11 NOTAMN
Q) KZNY/QXXXX//////
A) KZNY
B) WIE
C) UFN
E) QXXXX WHENEVER AN EASTBOUND NORTH ATLANTIC TRACK IS PUBLISHED THAT
ORIGINATES AT JAROM OR TALGO, AIRCRAFT TRANSITIONING THE NEW YORK 
OCEANIC CTA AND PLANNING TO JOIN THE JAROM/TALGO TRACK MUST FILE A 
ROUTE FROM A POINT 42N OR SOUTH DIRECT TO 44N050W.
FOR EXAMPLE, NORTH ATLANTIC TRACK (NAT) X-RAY IS PUBLISHED VIA JAROM 
TALGO 44N050W 46N040W 48N030W 50N020W SOMAX ATSUR. THE FOLLOWING 
ROUTES WOULD BE FILED TO JOIN NATX:
1. AN AIRCRAFT WISHES TO JOIN NATX FROM M201. THE CORRECT ROUTE TO 
FILE IN THE NEW YORK CTA IS M201 DRYED 41N060W 44N050W NATX. 
2. AN AIRCRAFT WISHES TO JOIN NATX FROM M202. THE CORRECT ROUTE TO 
FILE IN THE NEW YORK CTA IS M202 MUNEY 41N060W 44N050W NATX.
3. AN AIRCRAFT WISHES TO JOIN NATX FROM M203. THE CORRECT ROUTE TO 
FILE IN THE NEW YORK CTA IS M203 SELIM 40N060W 44N050W NATX.",ZNY,KZNY/QXXXX//////,KZNY,QXXXX,,,,,,,KZNY,WIE,UFN,,"QXXXX WHENEVER AN EASTBOUND NORTH ATLANTIC TRACK IS PUBLISHED THAT
ORIGINATES AT JAROM OR TALGO, AIRCRAFT TRANSITIONING THE NEW YORK 
OCEANIC CTA AND PLANNING TO JOIN THE JAROM/TALGO TRACK MUST FILE A 
ROUTE FROM A POINT 42N OR SOUTH DIRECT TO 44N050W.
FOR EXAMPLE, NORTH ATLANTIC TRACK (NAT) X-RAY IS PUBLISHED VIA JAROM 
TALGO 44N050W 46N040W 48N030W 50N020W SOMAX ATSUR. THE FOLLOWING 
ROUTES WOULD BE FILED TO JOIN NATX:
1. AN AIRCRAFT WISHES TO JOIN NATX FROM M201. THE CORRECT ROUTE TO 
FILE IN THE NEW YORK CTA IS M201 DRYED 41N060W 44N050W NATX. 
2. AN AIRCRAFT WISHES TO JOIN NATX FROM M202. THE CORRECT ROUTE TO 
FILE IN THE NEW YORK CTA IS M202 MUNEY 41N060W 44N050W NATX.
3. AN AIRCRAFT WISHES TO JOIN NATX FROM M203. THE CORRECT ROUTE TO 
FILE IN THE NEW YORK CTA IS M203 SELIM 40N060W 44N050W NATX.",airspace,advisory
ZNY-A0017-13,"A0017/13 NOTAMN 
Q) KZNY/QRACA////// 
A) KZNY PART 1 OF 3
B) 1302051200
C) UFN
E) QRACA CHANGE IN NEW YORK CENTER OCEANIC CLEARANCE PROCEDURES
BEGINNING ON 5 FEBRUARY 2013 AT 1200Z, NEW YORK CENTER WILL MODIFY 
THE PROCEDURES THAT ARE USED TO ISSUE OCEANIC CLEARANCES TO 
EASTBOUND AIRCRAFT ENTERING MINIMUM NAVIGATION PERFORMANCE STANDARD 
(MNPS) AIRSPACE. THESE PROCEDURES ONLY APPLY TO AIRCRAFT ENTERING 
THE NEW YORK CENTER OCEANIC CTA FROM A FAA FACILITY. THE PURPOSE OF 
THIS NOTAM IS TO EXPLAIN THESE CHANGES.
NORTH ATLANTIC (NAT) DOCUMENT 007, TITLED GUIDANCE CONCERNING AIR 
NAVIGATION IN AND ABOVE THE NORTH ATLANTIC MNPS AIRSPACE IS A 
GUIDANCE DOCUMENT PUBLISHED BY ICAO TO ASSIST USERS IN THE PROPER 
PROCEDURES TO BE USED WHEN OPERATING IN THE NAT. CHAPTER 5 OF 
DOCUMENT 007, TITLED OCEANIC ATC CLEARANCES, IS THE CHAPTER TO WHICH 
THESE CHANGES PERTAIN.
THERE ARE THREE COMPONENTS TO AN OCEANIC CLEARANCE. THEY ARE ROUTE, 
END PART 1 OF 3
A0017/13 NOTAMN 
Q) KZNY/QRACA////// 
A) KZNY PART 2 OF 3
B) 1302051200
C) UFN
E) ALTITUDE AND SPEED. IT IS THE DELIVERY METHOD OF THESE THREE 
COMPONENTS WHICH IS CHANGING. BEGINNING ON 5 FEBRUARY 2013, THE FAA 
WILL CONSIDER THE AIRPORT CLEARANCE WHICH AN AIRCRAFT RECEIVES ON 
THE GROUND AT ITS DEPARTURE AERODROME TO BE THE ROUTE PORTION OF THE 
OCEANIC CLEARANCE. ALTITUDE AND SPEED ASSIGNMENT WILL OCCUR PRIOR TO 
ENTRY INTO THE NEW YORK CENTER OCEANIC CTA. AS IS THE CURRENT 
OPERATING PROCEDURE, UNSOLICITED EN-ROUTE ROUTE, ALTITUDE OR SPEED 
CHANGES MAY OCCUR DUE TO CHANGING TRAFFIC SITUATIONS. AT ALL TIMES, 
THE LAST ASSIGNED ROUTE, ALTITUDE AND SPEED ARE TO BE MAINTAINED AND 
SHOULD BE CONSIDERED YOUR NEW OCEANIC PROFILE. HAVING RECEIVED ALL 
THREE COMPONENTS, THE REQUIREMENT TO RECEIVE AN OCEANIC CLEARANCE 
WILL HAVE BEEN MET.
FOR EXAMPLE:
AN AIRCRAFT HAS FILED AN FPL FROM MDSD TO EDDF. THIS WOULD TAKE THE 
FLIGHT FROM THE SANTO DOMINGO FIR, THROUGH THE MIAMI FIR AND THEN 
THE NEW YORK FIR BEFORE ENTERING SANTA MARIA. THE AIRPORT CLEARANCE 
END PART 2 OF 3
A0017/13 NOTAMN 
Q) KZNY/QRACA////// 
A) KZNY PART 3 OF 3
B) 1302051200
C) UFN
E) PROVIDED ON THE GROUND AT MDSD WOULD FULFILL THE ROUTE REQUIREMENT 
OF THE OCEANIC CLEARANCE. ONCE AIRBORNE AND IN THE MIAMI FIR, FINAL 
SPEED AND ALTITUDE ASSIGNMENT WILL BE GIVEN AFTER THE FLIGHT IS 
COORDINATED BETWEEN MIAMI AND NEW YORK.
IF A ROUTE, SPEED OR ALTITUDE CHANGE EN-ROUTE IS DESIRED, THEN 
AIRCRAFT SHOULD MAKE A REQUEST FROM THE ATC UNIT IN WHICH THEY ARE 
OPERATING. AT ALL TIMES, THE LAST ASSIGNED ROUTE, ALTITUDE AND SPEED 
ARE TO BE MAINTAINED.
TRACK MESSAGE IDENTIFICATION NUMBER (TMI) CONFIRMATION FOR AIRCRAFT 
FILING AN ABBREVIATED CLEARANCE IN LIEU OF THE TRACK COORDINATES 
WILL BE ACCOMPLISHED PRIOR TO REACHING THE TRACK ENTRY POINT. 
USERS ARE REMINDED OF THE REQUIREMENT TO FILE AN FPL AND ANY 
SUBSEQUENT CHANGES WITH NEW YORK OCEANIC AT KZWYZOZX, ALONG WITH ANY 
OTHER ATC FACILITIES THAT MAY REQUIRE SUCH FILING.
F) FL055
G) UNL
END PART 3 OF 3",ZNY,KZNY/QRACA//////,KZNY,QRACA,,,,,,,KZNY,1302051200,UFN,,"QRACA CHANGE IN NEW YORK CENTER OCEANIC CLEARANCE PROCEDURES
BEGINNING ON 5 FEBRUARY 2013 AT 1200Z, NEW YORK CENTER WILL MODIFY 
THE PROCEDURES THAT ARE USED TO ISSUE OCEANIC CLEARANCES TO 
EASTBOUND AIRCRAFT ENTERING MINIMUM NAVIGATION PERFORMANCE STANDARD 
(MNPS) AIRSPACE. THESE PROCEDURES ONLY APPLY TO AIRCRAFT ENTERING 
THE NEW YORK CENTER OCEANIC CTA FROM A FAA FACILITY. THE PURPOSE OF 
THIS NOTAM IS TO EXPLAIN THESE CHANGES.
NORTH ATLANTIC (NAT) DOCUMENT 007, TITLED GUIDANCE CONCERNING AIR 
NAVIGATION IN AND ABOVE THE NORTH ATLANTIC MNPS AIRSPACE IS A 
GUIDANCE DOCUMENT PUBLISHED BY ICAO TO ASSIST USERS IN THE PROPER 
PROCEDURES TO BE USED WHEN OPERATING IN THE NAT. CHAPTER 5 OF 
DOCUMENT 007, TITLED OCEANIC ATC CLEARANCES, IS THE CHAPTER TO WHICH 
THESE CHANGES PERTAIN.
THERE ARE THREE COMPONENTS TO AN OCEANIC CLEARANCE. THEY ARE ROUTE, 
END PART 1 OF 3
A0017/13 NOTAMN 
Q) KZNY/QRACA////// 
A) KZNY PART 2 OF 3
B) 1302051200
C) UFN
E) ALTITUDE AND SPEED. IT IS THE DELIVERY METHOD OF THESE THREE 
COMPONENTS WHICH IS CHANGING. BEGINNING ON 5 FEBRUARY 2013, THE FAA 
WILL CONSIDER THE AIRPORT CLEARANCE WHICH AN AIRCRAFT RECEIVES ON 
THE GROUND AT ITS DEPARTURE AERODROME TO BE THE ROUTE PORTION OF THE 
OCEANIC CLEARANCE. ALTITUDE AND SPEED ASSIGNMENT WILL OCCUR PRIOR TO 
ENTRY INTO THE NEW YORK CENTER OCEANIC CTA. AS IS THE CURRENT 
OPERATING PROCEDURE, UNSOLICITED EN-ROUTE ROUTE, ALTITUDE OR SPEED 
CHANGES MAY OCCUR DUE TO CHANGING TRAFFIC SITUATIONS. AT ALL TIMES, 
THE LAST ASSIGNED ROUTE, ALTITUDE AND SPEED ARE TO BE MAINTAINED AND 
SHOULD BE CONSIDERED YOUR NEW OCEANIC PROFILE. HAVING RECEIVED ALL 
THREE COMPONENTS, THE REQUIREMENT TO RECEIVE AN OCEANIC CLEARANCE 
WILL HAVE BEEN MET.
FOR EXAMPLE:
AN AIRCRAFT HAS FILED AN FPL FROM MDSD TO EDDF. THIS WOULD TAKE THE 
FLIGHT FROM THE SANTO DOMINGO FIR, THROUGH THE MIAMI FIR AND THEN 
THE NEW YORK FIR BEFORE ENTERING SANTA MARIA. THE AIRPORT CLEARANCE 
END PART 2 OF 3
A0017/13 NOTAMN 
Q) KZNY/QRACA////// 
A) KZNY PART 3 OF 3
B) 1302051200
C) UFN
E) PROVIDED ON THE GROUND AT MDSD WOULD FULFILL THE ROUTE REQUIREMENT 
OF THE OCEANIC CLEARANCE. ONCE AIRBORNE AND IN THE MIAMI FIR, FINAL 
SPEED AND ALTITUDE ASSIGNMENT WILL BE GIVEN AFTER THE FLIGHT IS 
COORDINATED BETWEEN MIAMI AND NEW YORK.
IF A ROUTE, SPEED OR ALTITUDE CHANGE EN-ROUTE IS DESIRED, THEN 
AIRCRAFT SHOULD MAKE A REQUEST FROM THE ATC UNIT IN WHICH THEY ARE 
OPERATING. AT ALL TIMES, THE LAST ASSIGNED ROUTE, ALTITUDE AND SPEED 
ARE TO BE MAINTAINED.
TRACK MESSAGE IDENTIFICATION NUMBER (TMI) CONFIRMATION FOR AIRCRAFT 
FILING AN ABBREVIATED CLEARANCE IN LIEU OF THE TRACK COORDINATES 
WILL BE ACCOMPLISHED PRIOR TO REACHING THE TRACK ENTRY POINT. 
USERS ARE REMINDED OF THE REQUIREMENT TO FILE AN FPL AND ANY 
SUBSEQUENT CHANGES WITH NEW YORK OCEANIC AT KZWYZOZX, ALONG WITH ANY 
OTHER ATC FACILITIES THAT MAY REQUIRE SUCH FILING.
F) FL055
G) UNL
END PART 3 OF 3",airspace,advisory
ZNY-4-5737,"Q) KFDC/QARLC/IV/NBO/E/000/999/
A) KZNY KZBW
B) 2407221858
C) 2607251856EST
E) KZNY NY...ROUTE KZNY KZBW.
V139, V268 HAMPTON (HTO) VORTAC, NY R-236 TO MANTA INT, NJ NA EXCEPT FOR ACFT EQUIPPED WITH SUITABLE RNAV SYSTEM WITH GPS.
HTO VOR R-236 UNUSABLE.",ZNY,KFDC/QARLC/IV/NBO/E/000/999/,KFDC,QARLC,IV,NBO,E,0.0,999.0,,KZNY KZBW,2407221858,2607251856EST,,"KZNY NY...ROUTE KZNY KZBW.
V139, V268 HAMPTON (HTO) VORTAC, NY R-236 TO MANTA INT, NJ NA EXCEPT FOR ACFT EQUIPPED WITH SUITABLE RNAV SYSTEM WITH GPS.
HTO VOR R-236 UNUSABLE.",airspace,critical
ZNY-5-5996,"Q) KFDC/QARCH/IV/BO/E/000/999/
A) KZNY
B) 2302282028
C) 2502282028EST
E) KZNY NY...ROUTE KZNY.
V374 BINGHAMTON (CFB) VOR/DME, NY TO GAYEL, NY GNSS 4700 MOCA 4700.",ZNY,KFDC/QARCH/IV/BO/E/000/999/,KFDC,QARCH,IV,BO,E,0.0,999.0,,KZNY,2302282028,2502282028EST,,"KZNY NY...ROUTE KZNY.
V374 BINGHAMTON (CFB) VOR/DME, NY TO GAYEL, NY GNSS 4700 MOCA 4700.",airspace,advisory
ZNY-5-6140,"Q) KFDC/QARCH/IV/BO/E/000/999/
A) KZDC KZNY
B) 2507101410
C) 2602191359EST
E) KZDC ROUTE KZDC KZNY.
T287 FLAT ROCK (FAK) VORTAC, VA TO GORDONSVILLE (GVE) VORTAC, VA MEA 2800.
T287 REEES, PA TO TOMYD, MD MOCA 3800.
T287 TOMYD, MD TO HAMRR, MD GNSS MEA 2800.
T287 CAARY, VA MCA 5400 NORTHBOUND.
T287 DENNN, VA TO CAARY, VA MOCA 4100.
T287 WILMY, VA TO KAIJE, VA DISREGARD MOCA.
T287 BAMMY, WV TO REEES, PA DISREGARD MOCA.",ZNY,KFDC/QARCH/IV/BO/E/000/999/,KFDC,QARCH,IV,BO,E,0.0,999.0,,KZDC KZNY,2507101410,2602191359EST,,"KZDC ROUTE KZDC KZNY.
T287 FLAT ROCK (FAK) VORTAC, VA TO GORDONSVILLE (GVE) VORTAC, VA MEA 2800.
T287 REEES, PA TO TOMYD, MD MOCA 3800.
T287 TOMYD, MD TO HAMRR, MD GNSS MEA 2800.
T287 CAARY, VA MCA 5400 NORTHBOUND.
T287 DENNN, VA TO CAARY, VA MOCA 4100.
T287 WILMY, VA TO KAIJE, VA DISREGARD MOCA.
T287 BAMMY, WV TO REEES, PA DISREGARD MOCA.",airspace,advisory
ZNY-5-9413,"Q) KFDC/QARCH/IV/BO/E/000/999/
A) KZNY
B) 2508181523
C) 2603301523EST
E) KZNY PA...ROUTE KZNY.
T221 ALLENTOWN (FJC) VORTAC, PA TO LAAYK, PA GNSS MEA 4700.",ZNY,KFDC/QARCH/IV/BO/E/000/999/,KFDC,QARCH,IV,BO,E,0.0,999.0,,KZNY,2508181523,2603301523EST,,"KZNY PA...ROUTE KZNY.
T221 ALLENTOWN (FJC) VORTAC, PA TO LAAYK, PA GNSS MEA 4700.",airspace,advisory
ZNY-5-6742,"Q) KFDC/QARCH/IV/BO/E/000/999/
A) KZNY
B) 2509022004
C) 2709022004EST
E) KZNY PA...ROUTE KZNY.
V116 STONYFORK (SFK) VOR/DME, PA TO WILKES-BARRE (LVZ) VORTAC, PA MEA 4900.",ZNY,KFDC/QARCH/IV/BO/E/000/999/,KFDC,QARCH,IV,BO,E,0.0,999.0,,KZNY,2509022004,2709022004EST,,"KZNY PA...ROUTE KZNY.
V116 STONYFORK (SFK) VOR/DME, PA TO WILKES-BARRE (LVZ) VORTAC, PA MEA 4900.",airspace,advisory
ZNY-5-7916,"Q) KFDC/QARCH/IV/BO/E/000/999/
A) KZNY KZBW
B) 2510081359
C) 2710081359EST
E) KZNY ROUTE KZNY KZBW.
V16 KEEPM, NY TO CREAM, NY NA. CCC VOR R-274 AND R-057 UNUSABLE.",ZNY,KFDC/QARCH/IV/BO/E/000/999/,KFDC,QARCH,IV,BO,E,0.0,999.0,,KZNY KZBW,2510081359,2710081359EST,,"KZNY ROUTE KZNY KZBW.
V16 KEEPM, NY TO CREAM, NY NA. CCC VOR R-274 AND R-057 UNUSABLE.",airspace,critical
ZNY-5-7787,"Q) KFDC/QARCH/IV/BO/E/000/999/
A) KZNY
B) 2510282033
C) 2710302032EST
E) KZNY NY...ROUTE KZNY.
V29 SCOFF, PA TO BINGHAMTON (CFB) VOR/DME, NY MEA 3800.",ZNY,KFDC/QARCH/IV/BO/E/000/999/,KFDC,QARCH,IV,BO,E,0.0,999.0,,KZNY,2510282033,2710302032EST,,"KZNY NY...ROUTE KZNY.
V29 SCOFF, PA TO BINGHAMTON (CFB) VOR/DME, NY MEA 3800.",airspace,advisory
ZNY-5-8824,"Q) KFDC/QARLC/IV/NBO/E/000/999/
A) KZNY
B) 2510301337
C) 2710311337EST
E) KZNY PA...ROUTE KZNY.
J220 MICAH, PA TO COP NA EXCEPT FOR ACFT EQUIPPED WITH SUITABLE RNAV SYSTEM WITH GPS. AML VDME R-009 UNUSABLE BEYOND 74 NM.",ZNY,KFDC/QARLC/IV/NBO/E/000/999/,KFDC,QARLC,IV,NBO,E,0.0,999.0,,KZNY,2510301337,2710311337EST,,"KZNY PA...ROUTE KZNY.
J220 MICAH, PA TO COP NA EXCEPT FOR ACFT EQUIPPED WITH SUITABLE RNAV SYSTEM WITH GPS. AML VDME R-009 UNUSABLE BEYOND 74 NM.",airspace,critical
ZNY-6-9422,"Q) KFDC/QARLC/IV/NBO/E/000/999/
A) KZNY KZDC
B) 2602021314
C) 2609141314EST
E) KZNY MD...ROUTE KZNY KZDC.
J211 WESTMINSTER (EMI) VORTAC, MD R-300 TO BUSTR, PA NA EXCEPT FOR ACFT EQUIPPED WITH SUITABLE RNAV SYSTEM WITH GPS.
EMI VORTAC R-300 UNUSABLE.",ZNY,KFDC/QARLC/IV/NBO/E/000/999/,KFDC,QARLC,IV,NBO,E,0.0,999.0,,KZNY KZDC,2602021314,2609141314EST,,"KZNY MD...ROUTE KZNY KZDC.
J211 WESTMINSTER (EMI) VORTAC, MD R-300 TO BUSTR, PA NA EXCEPT FOR ACFT EQUIPPED WITH SUITABLE RNAV SYSTEM WITH GPS.
EMI VORTAC R-300 UNUSABLE.",airspace,critical
ZNY-6-9430,"Q) KFDC/QARLC/IV/NBO/E/000/999/
A) KZNY KZDC
B) 2602021316
C) 2609141316EST
E) KZNY MD...ROUTE KZNY KZDC.
J211 WESTMINSTER (EMI) VORTAC, MD R-300 TO BUSTR, PA NA EXCEPT FOR ACFT EQUIPPED WITH SUITABLE RNAV SYSTEM WITH GPS.
EMI VORTAC R-300 UNUSABLE.",ZNY,KFDC/QARLC/IV/NBO/E/000/999/,KFDC,QARLC,IV,NBO,E,0.0,999.0,,KZNY KZDC,2602021316,2609141316EST,,"KZNY MD...ROUTE KZNY KZDC.
J211 WESTMINSTER (EMI) VORTAC, MD R-300 TO BUSTR, PA NA EXCEPT FOR ACFT EQUIPPED WITH SUITABLE RNAV SYSTEM WITH GPS.
EMI VORTAC R-300 UNUSABLE.",airspace,critical
ZNY-6-9432,"Q) KFDC/QARLC/IV/NBO/E/000/999/
A) KZNY
B) 2602021317
C) 2609141317EST
E) KZNY MD...ROUTE KZNY.
V166 WESTMINSTER (EMI) VORTAC, MD R-088 TO COP NA EXCEPT FOR ACFT EQUIPPED WITH SUITABLE RNAV SYSTEM WITH GPS.
EMI VORTAC R-088 UNUSABLE.",ZNY,KFDC/QARLC/IV/NBO/E/000/999/,KFDC,QARLC,IV,NBO,E,0.0,999.0,,KZNY,2602021317,2609141317EST,,"KZNY MD...ROUTE KZNY.
V166 WESTMINSTER (EMI) VORTAC, MD R-088 TO COP NA EXCEPT FOR ACFT EQUIPPED WITH SUITABLE RNAV SYSTEM WITH GPS.
EMI VORTAC R-088 UNUSABLE.",airspace,critical
ZNY-6-9438,"Q) KFDC/QARCH/IV/BO/E/000/999/
A) KZNY KZDC
B) 2602021319
C) 2609141319EST
E) KZNY MD...ROUTE KZNY KZDC.
V268 WESTMINSTER (EMI) VORTAC, MD R-151 TO BALTIMORE (BAL) VORTAC, MD R-334 USE BAL VOR R-334.
EMI VORTAC R-151 UNUSABLE.",ZNY,KFDC/QARCH/IV/BO/E/000/999/,KFDC,QARCH,IV,BO,E,0.0,999.0,,KZNY KZDC,2602021319,2609141319EST,,"KZNY MD...ROUTE KZNY KZDC.
V268 WESTMINSTER (EMI) VORTAC, MD R-151 TO BALTIMORE (BAL) VORTAC, MD R-334 USE BAL VOR R-334.
EMI VORTAC R-151 UNUSABLE.",airspace,critical
ZNY-6-9440,"Q) KFDC/QARCH/IV/BO/E/000/999/
A) KZNY KZDC
B) 2602021320
C) 2609141320EST
E) KZNY MD...ROUTE KZNY KZDC.
V268 WESTMINSTER (EMI) VORTAC, MD R-151 TO BALTIMORE (BAL) VORTAC, MD R-334 USE BAL VOR R-334.
EMI VORTAC R-151 UNUSABLE.",ZNY,KFDC/QARCH/IV/BO/E/000/999/,KFDC,QARCH,IV,BO,E,0.0,999.0,,KZNY KZDC,2602021320,2609141320EST,,"KZNY MD...ROUTE KZNY KZDC.
V268 WESTMINSTER (EMI) VORTAC, MD R-151 TO BALTIMORE (BAL) VORTAC, MD R-334 USE BAL VOR R-334.
EMI VORTAC R-151 UNUSABLE.",airspace,critical
ZNY-6-2210,"Q) KFDC/QARLC/IV/NBO/E/000/999/
A) KZNY
B) 2605211400
C) 2612311354EST
E) KZNY ROUTE KZNY.
J61 WESTMINSTER (EMI) VORTAC, MD TO PHILIPSBURG (PSB) VORTAC, PA NA EXCEPT FOR AIRCRAFT EQUIPPED WITH SUITABLE RNAV SYSTEM WITH GPS. PSB VOR R-161 UNUSABLE BEYOND 40 NM.",ZNY,KFDC/QARLC/IV/NBO/E/000/999/,KFDC,QARLC,IV,NBO,E,0.0,999.0,,KZNY,2605211400,2612311354EST,,"KZNY ROUTE KZNY.
J61 WESTMINSTER (EMI) VORTAC, MD TO PHILIPSBURG (PSB) VORTAC, PA NA EXCEPT FOR AIRCRAFT EQUIPPED WITH SUITABLE RNAV SYSTEM WITH GPS. PSB VOR R-161 UNUSABLE BEYOND 40 NM.",airspace,critical
ZNY-6-3338,"Q) KFDC/QARCH/IV/BO/E/000/999/
A) KZNY
B) 2605271828
C) 2805271828EST
E) KZNY ROUTE KZNY.
V423 WILLIAMSPORT (FQM) VOR/DME, PA TO BINGHAMTON (CFB) VOR/DME, NY MOCA 4300.",ZNY,KFDC/QARCH/IV/BO/E/000/999/,KFDC,QARCH,IV,BO,E,0.0,999.0,,KZNY,2605271828,2805271828EST,,"KZNY ROUTE KZNY.
V423 WILLIAMSPORT (FQM) VOR/DME, PA TO BINGHAMTON (CFB) VOR/DME, NY MOCA 4300.",airspace,advisory
ZBW-4-5745,"Q) KFDC/QARLC/IV/NBO/E/000/999/
A) KZBW KZNY
B) 2407221900
C) 2607251859EST
E) KZBW NY...ROUTE KZBW KZNY.
V139, V268 HAMPTON (HTO) VORTAC, NY R-236 TO MANTA INT, NJ NA EXCEPT FOR ACFT EQUIPPED WITH SUITABLE RNAV SYSTEM WITH GPS.
HTO VOR R-236 UNUSABLE.",ZBW,KFDC/QARLC/IV/NBO/E/000/999/,KFDC,QARLC,IV,NBO,E,0.0,999.0,,KZBW KZNY,2407221900,2607251859EST,,"KZBW NY...ROUTE KZBW KZNY.
V139, V268 HAMPTON (HTO) VORTAC, NY R-236 TO MANTA INT, NJ NA EXCEPT FOR ACFT EQUIPPED WITH SUITABLE RNAV SYSTEM WITH GPS.
HTO VOR R-236 UNUSABLE.",airspace,critical
ZBW-4-4461,"Q) KFDC/QARCH/IV/BO/E/000/999/
A) KZBW
B) 2408071425
C) 2608081424EST
E) KZBW NY...ROUTE KZBW.
V374 YODER INT, CT DME REQUIRED EXCEPT FOR ACFT EQUIPPED WITH SUITABLE RNAV SYSTEM WITH GPS.
HTO VOR R-010 UNUSABLE.",ZBW,KFDC/QARCH/IV/BO/E/000/999/,KFDC,QARCH,IV,BO,E,0.0,999.0,,KZBW,2408071425,2608081424EST,,"KZBW NY...ROUTE KZBW.
V374 YODER INT, CT DME REQUIRED EXCEPT FOR ACFT EQUIPPED WITH SUITABLE RNAV SYSTEM WITH GPS.
HTO VOR R-010 UNUSABLE.",airspace,critical
ZBW-5-5976,"Q) KFDC/QARLC/IV/NBO/E/000/999/
A) KZBW
B) 2302271728
C) 2310091728EST
E) KZBW NY...ROUTE KZBW.
V489 WEARD, NY TO ALBANY (ALB) VORTAC, NY NA EXCEPT FOR AIRCRAFT EQUIPPED WITH SUITABLE RNAV SYSTEM WITH GPS.",ZBW,KFDC/QARLC/IV/NBO/E/000/999/,KFDC,QARLC,IV,NBO,E,0.0,999.0,,KZBW,2302271728,2310091728EST,,"KZBW NY...ROUTE KZBW.
V489 WEARD, NY TO ALBANY (ALB) VORTAC, NY NA EXCEPT FOR AIRCRAFT EQUIPPED WITH SUITABLE RNAV SYSTEM WITH GPS.",airspace,advisory
ZBW-5-4428,"Q) KFDC/QARCH/IV/BO/E/000/999/
A) KZBW
B) 2505221242
C) 2601011241EST
E) KZBW NY...ROUTE KZBW.
V433, V487 DUNBO, NY TO BRIDGEPORT (BDR) VOR/DME, CT MEA 2500 MOCA 1600.",ZBW,KFDC/QARCH/IV/BO/E/000/999/,KFDC,QARCH,IV,BO,E,0.0,999.0,,KZBW,2505221242,2601011241EST,,"KZBW NY...ROUTE KZBW.
V433, V487 DUNBO, NY TO BRIDGEPORT (BDR) VOR/DME, CT MEA 2500 MOCA 1600.",airspace,advisory
ZBW-5-4431,"Q) KFDC/QARCH/IV/BO/E/000/999/
A) KZBW
B) 2505221449
C) 2601011448EST
E) KZBW CT...ROUTE KZBW.
V433, V44 LOVES, CT TO PAWLING (PWL) VOR/DME, NY MEA 3100.",ZBW,KFDC/QARCH/IV/BO/E/000/999/,KFDC,QARCH,IV,BO,E,0.0,999.0,,KZBW,2505221449,2601011448EST,,"KZBW CT...ROUTE KZBW.
V433, V44 LOVES, CT TO PAWLING (PWL) VOR/DME, NY MEA 3100.",airspace,advisory
ZBW-5-4432,"Q) KFDC/QARCH/IV/BO/E/000/999/
A) KZBW
B) 2505221450
C) 2601011450EST
E) KZBW CT...ROUTE KZBW.
T705 LOVES, CT TO DEEDE, NY GNSS MEA 3100.",ZBW,KFDC/QARCH/IV/BO/E/000/999/,KFDC,QARCH,IV,BO,E,0.0,999.0,,KZBW,2505221450,2601011450EST,,"KZBW CT...ROUTE KZBW.
T705 LOVES, CT TO DEEDE, NY GNSS MEA 3100.",airspace,advisory
ZBW-5-4434,"Q) KFDC/QARCH/IV/BO/E/000/999/
A) KZBW
B) 2505221542
C) 2601011540EST
E) KZBW NY...ROUTE KZBW.
V123, V157, V433, V6 LA GUARDIA (LGA) VOR/DME, NY MCA 2200 SOUTHWESTBOUND.",ZBW,KFDC/QARCH/IV/BO/E/000/999/,KFDC,QARCH,IV,BO,E,0.0,999.0,,KZBW,2505221542,2601011540EST,,"KZBW NY...ROUTE KZBW.
V123, V157, V433, V6 LA GUARDIA (LGA) VOR/DME, NY MCA 2200 SOUTHWESTBOUND.",airspace,advisory
ZBW-5-9312,"Q) KFDC/QARLC/IV/NBO/E/000/999/
A) KZBW
B) 2506261444
C) 2706301444EST
E) KZBW CT...ROUTE KZBW.
V39, V487, V91 MOONI, CT TO STUBY, CT NA EXCEPT FOR ACFT EQUIPPED WITH SUITABLE RNAV SYSTEM WITH GPS.
ALB VORTAC R-175 70NM UNUSABLE.",ZBW,KFDC/QARLC/IV/NBO/E/000/999/,KFDC,QARLC,IV,NBO,E,0.0,999.0,,KZBW,2506261444,2706301444EST,,"KZBW CT...ROUTE KZBW.
V39, V487, V91 MOONI, CT TO STUBY, CT NA EXCEPT FOR ACFT EQUIPPED WITH SUITABLE RNAV SYSTEM WITH GPS.
ALB VORTAC R-175 70NM UNUSABLE.",airspace,critical
ZBW-5-7910,"Q) KFDC/QARCH/IV/BO/E/000/999/
A) KZBW
B) 2510081358
C) 2710081358EST
E) KZBW ROUTE KZBW.
V374 CREAM, NY TO KURTY, CT USE ORW VOR R-238. CCC VOR R-057 UNUSABLE.",ZBW,KFDC/QARCH/IV/BO/E/000/999/,KFDC,QARCH,IV,BO,E,0.0,999.0,,KZBW,2510081358,2710081358EST,,"KZBW ROUTE KZBW.
V374 CREAM, NY TO KURTY, CT USE ORW VOR R-238. CCC VOR R-057 UNUSABLE.",airspace,critical
ZBW-5-7913,"Q) KFDC/QARCH/IV/BO/E/000/999/
A) KZBW KZNY
B) 2510081359
C) 2710081359EST
E) KZBW ROUTE KZBW KZNY.
V16 KEEPM, NY TO CREAM, NY NA. CCC VOR R-274 AND R-057 UNUSABLE.",ZBW,KFDC/QARCH/IV/BO/E/000/999/,KFDC,QARCH,IV,BO,E,0.0,999.0,,KZBW KZNY,2510081359,2710081359EST,,"KZBW ROUTE KZBW KZNY.
V16 KEEPM, NY TO CREAM, NY NA. CCC VOR R-274 AND R-057 UNUSABLE.",airspace,critical
ZBW-5-9010,"Q) KFDC/QARCH/IV/BO/E/000/999/
A) KZBW
B) 2511191958
C) 2607011958EST
E) KZBW ROUTE KZBW.
V167 PROVIDENCE (PVD) VOR/DME, RI R-115 TO ZUNUX, MA MEA 3000 SOUTHEASTBOUND EXCEPT FOR ACFT EQUIPPED WITH SUITABLE RNAV SYSTEM WITH GPS.
PVD VOR R-115 UNUSABLE BEYOND 30 NM BELOW 3000 FEET, ZUNUX DME ONLY FIX.",ZBW,KFDC/QARCH/IV/BO/E/000/999/,KFDC,QARCH,IV,BO,E,0.0,999.0,,KZBW,2511191958,2607011958EST,,"KZBW ROUTE KZBW.
V167 PROVIDENCE (PVD) VOR/DME, RI R-115 TO ZUNUX, MA MEA 3000 SOUTHEASTBOUND EXCEPT FOR ACFT EQUIPPED WITH SUITABLE RNAV SYSTEM WITH GPS.
PVD VOR R-115 UNUSABLE BEYOND 30 NM BELOW 3000 FEET, ZUNUX DME ONLY FIX.",airspace,critical
ZBW-6-4744,"Q) KFDC/QARLC/IV/NBO/E/000/999/
A) KZBW
B) 2603271445
C) 2803271445EST
E) KZBW NY...ROUTE KZBW.
V487 CAMBRIDGE (CAM) VOR/DME, NY R-203 TO BOWAN INT, NY NA.
CAM VOR/DME R-203 UNUSABLE.",ZBW,KFDC/QARLC/IV/NBO/E/000/999/,KFDC,QARLC,IV,NBO,E,0.0,999.0,,KZBW,2603271445,2803271445EST,,"KZBW NY...ROUTE KZBW.
V487 CAMBRIDGE (CAM) VOR/DME, NY R-203 TO BOWAN INT, NY NA.
CAM VOR/DME R-203 UNUSABLE.",airspace,critical
ZBW-6-5593,"Q) KFDC/QARCH/IV/BO/E/000/999/
A) KZBW
B) 2604241452
C) 2610290900EST
E) KZBW CT...ROUTE KZBW.
V167, V3 HARTFORD (HFD) VOR/DME, CT TO JEWIT, CT MOCA 2200.",ZBW,KFDC/QARCH/IV/BO/E/000/999/,KFDC,QARCH,IV,BO,E,0.0,999.0,,KZBW,2604241452,2610290900EST,,"KZBW CT...ROUTE KZBW.
V167, V3 HARTFORD (HFD) VOR/DME, CT TO JEWIT, CT MOCA 2200.",airspace,advisory
ZAU-6-7742,"Q) KFDC/QARCH/IV/BO/E/000/999/
A) KZAU
B) 2605041735
C) 2612141735EST
E) KZAU IN...ROUTE KZAU.
V38 FORT WAYNE (FWA) VORTAC, IN R-285 TO COP MEA 12500.
FWA VORTAC R-285 UNUSABLE BELOW 12500.",ZAU,KFDC/QARCH/IV/BO/E/000/999/,KFDC,QARCH,IV,BO,E,0.0,999.0,,KZAU,2605041735,2612141735EST,,"KZAU IN...ROUTE KZAU.
V38 FORT WAYNE (FWA) VORTAC, IN R-285 TO COP MEA 12500.
FWA VORTAC R-285 UNUSABLE BELOW 12500.",airspace,critical
ZTL-5-3897,"Q) KFDC/QARLC/IV/NBO/E/000/999/
A) KZTL
B) 2502181906
C) 2702201905EST
E) KZTL AL...ROUTE KZTL.
V159 EUFAULA (EUF) VORTAC, AL TO VULCAN (VUZ) VORTAC, AL NA.",ZTL,KFDC/QARLC/IV/NBO/E/000/999/,KFDC,QARLC,IV,NBO,E,0.0,999.0,,KZTL,2502181906,2702201905EST,,"KZTL AL...ROUTE KZTL.
V159 EUFAULA (EUF) VORTAC, AL TO VULCAN (VUZ) VORTAC, AL NA.",airspace,advisory
ZTL-5-9315,"Q) KFDC/QARLC/IV/NBO/E/000/999/
A) KZTL
B) 2306301936
C) 2402091933EST
E) KZTL AL...ROUTE KZTL.
V70 BANBI INT, AL TO CRENS INT, AL NA.
EUF VOR R-256 UNUSABLE FROM BANBI TO CRENS.",ZTL,KFDC/QARLC/IV/NBO/E/000/999/,KFDC,QARLC,IV,NBO,E,0.0,999.0,,KZTL,2306301936,2402091933EST,,"KZTL AL...ROUTE KZTL.
V70 BANBI INT, AL TO CRENS INT, AL NA.
EUF VOR R-256 UNUSABLE FROM BANBI TO CRENS.",airspace,critical
ZTL-5-9316,"Q) KFDC/QARCH/IV/BO/E/000/999/
A) KZTL KZJX
B) 2306301939
C) 2402091936EST
E) KZTL AL...ROUTE KZTL KZJX.
V159 EUFAULA (EUF) VORTAC, AL R-110 TO PECAN (PZD) VOR/DME, GA R-295 MEA 3000.
EUF VOR RESTRICTED.",ZTL,KFDC/QARCH/IV/BO/E/000/999/,KFDC,QARCH,IV,BO,E,0.0,999.0,,KZTL KZJX,2306301939,2402091936EST,,"KZTL AL...ROUTE KZTL KZJX.
V159 EUFAULA (EUF) VORTAC, AL R-110 TO PECAN (PZD) VOR/DME, GA R-295 MEA 3000.
EUF VOR RESTRICTED.",airspace,advisory
ZTL-5-9318,"Q) KFDC/QARCH/IV/BO/E/000/999/
A) KZTL
B) 2306301946
C) 2402091942EST
E) KZTL AL...ROUTE KZTL.
V222 MARST INT, AL DME REQUIRED.
EUF VOR R-300 UNUSABLE.",ZTL,KFDC/QARCH/IV/BO/E/000/999/,KFDC,QARCH,IV,BO,E,0.0,999.0,,KZTL,2306301946,2402091942EST,,"KZTL AL...ROUTE KZTL.
V222 MARST INT, AL DME REQUIRED.
EUF VOR R-300 UNUSABLE.",airspace,critical
ZTL-5-9321,"Q) KFDC/QARCH/IV/BO/E/000/999/
A) KZTL
B) 2307031206
C) 2507031202EST
E) KZTL AL...ROUTE KZTL.
V241 EUFAULA (EUF) VORTAC, AL R-006 TO RSVLT INT, GA MEA 3500.
EUF VOR RESTRICTED.",ZTL,KFDC/QARCH/IV/BO/E/000/999/,KFDC,QARCH,IV,BO,E,0.0,999.0,,KZTL,2307031206,2507031202EST,,"KZTL AL...ROUTE KZTL.
V241 EUFAULA (EUF) VORTAC, AL R-006 TO RSVLT INT, GA MEA 3500.
EUF VOR RESTRICTED.",airspace,advisory
ZTL-5-5328,"Q) KFDC/QARLC/IV/NBO/E/000/999/
A) KZTL
B) 2508111719
C) 2603231719EST
E) KZTL GA...ROUTE KZTL.
V179 DUBLIN (DBN) VORTAC, GA R-314 TO HUSKY INT, GA NA EXCEPT FOR ACFT EQUIPPED WITH SUITABLE RNAV SYSTEM WITH GPS.",ZTL,KFDC/QARLC/IV/NBO/E/000/999/,KFDC,QARLC,IV,NBO,E,0.0,999.0,,KZTL,2508111719,2603231719EST,,"KZTL GA...ROUTE KZTL.
V179 DUBLIN (DBN) VORTAC, GA R-314 TO HUSKY INT, GA NA EXCEPT FOR ACFT EQUIPPED WITH SUITABLE RNAV SYSTEM WITH GPS.",airspace,advisory
ZTL-5-1849,"Q) KFDC/QARLC/IV/NBO/E/000/999/
A) KZTL KZJX
B) 2308251602
C) 2508251602EST
E) KZTL SC...ROUTE KZTL KZJX.
V70 ALLENDALE (ALD) VOR, SC R-248 TO COP NA EXCEPT FOR ACFT EQUIPPED WITH SUITABLE RNAV SYSTEM WITH GPS.
ALD VOR UNUSABLE ALL ALTITUDES.",ZTL,KFDC/QARLC/IV/NBO/E/000/999/,KFDC,QARLC,IV,NBO,E,0.0,999.0,,KZTL KZJX,2308251602,2508251602EST,,"KZTL SC...ROUTE KZTL KZJX.
V70 ALLENDALE (ALD) VOR, SC R-248 TO COP NA EXCEPT FOR ACFT EQUIPPED WITH SUITABLE RNAV SYSTEM WITH GPS.
ALD VOR UNUSABLE ALL ALTITUDES.",airspace,critical
ZTL-5-2839,"Q) KFDC/QARCH/IV/BO/E/000/999/
A) KZTL KZJX
B) 2508251608
C) 2708301608EST
E) KZTL AL...ROUTE KZTL KZJX.
V521, V7 SKIPO, AL TO BANBI, AL MOCA 2000.",ZTL,KFDC/QARCH/IV/BO/E/000/999/,KFDC,QARCH,IV,BO,E,0.0,999.0,,KZTL KZJX,2508251608,2708301608EST,,"KZTL AL...ROUTE KZTL KZJX.
V521, V7 SKIPO, AL TO BANBI, AL MOCA 2000.",airspace,advisory
ZTL-5-0986,"Q) KFDC/QARCH/IV/BO/E/000/999/
A) KZJX KZTL
B) 2508201506
C) 2604011506EST
E) KZJX GA...ROUTE KZJX KZTL.
V157 WAYCROSS (AYS) VORTAC, GA R-350 TO COP MEA 3000.
AYS VOR R-350 UNUSABLE BEYOND 10 NM.",ZTL,KFDC/QARCH/IV/BO/E/000/999/,KFDC,QARCH,IV,BO,E,0.0,999.0,,KZJX KZTL,2508201506,2604011506EST,,"KZJX GA...ROUTE KZJX KZTL.
V157 WAYCROSS (AYS) VORTAC, GA R-350 TO COP MEA 3000.
AYS VOR R-350 UNUSABLE BEYOND 10 NM.",airspace,critical
ZTL-5-1996,"Q) KFDC/QARCH/IV/BO/E/000/999/
A) KZTL
B) 2302271732
C) 2310091716EST
E) KZTL ROUTE KZTL.
V37 PULASKI (PSK) VORTAC, VA R-192 TO DOILY INT, VA MCA 5600 SOUTHBOUND.",ZTL,KFDC/QARCH/IV/BO/E/000/999/,KFDC,QARCH,IV,BO,E,0.0,999.0,,KZTL,2302271732,2310091716EST,,"KZTL ROUTE KZTL.
V37 PULASKI (PSK) VORTAC, VA R-192 TO DOILY INT, VA MCA 5600 SOUTHBOUND.",airspace,advisory
ZTL-5-7336,"Q) KFDC/QARLC/IV/NBO/E/000/999/
A) KZDC KZTL
B) 2510271856
C) 2710271852EST
E) KZDC NC...ROUTE KZDC KZTL.
V296 LILLS INT, NC TO HUSTN INT, NC NA.
FAY VOR R-271 UNUSABLE BEYOND 52 NM.",ZTL,KFDC/QARLC/IV/NBO/E/000/999/,KFDC,QARLC,IV,NBO,E,0.0,999.0,,KZDC KZTL,2510271856,2710271852EST,,"KZDC NC...ROUTE KZDC KZTL.
V296 LILLS INT, NC TO HUSTN INT, NC NA.
FAY VOR R-271 UNUSABLE BEYOND 52 NM.",airspace,critical
ZTL-5-1830,"Q) KFDC/QARLC/IV/NBO/E/000/999/
A) KZTL KZJX
B) 2511261315
C) 2607081315EST
E) KZTL ROUTE KZTL KZJX.
V70 EUFAULA (EUF) VORTAC, AL R-077 TO VIENNA (VNA) VORTAC, GA R-259 NA EXCEPT FOR ACFT EQUIPPED WITH SUITABLE RNAV SYSTEM WITH GPS.",ZTL,KFDC/QARLC/IV/NBO/E/000/999/,KFDC,QARLC,IV,NBO,E,0.0,999.0,,KZTL KZJX,2511261315,2607081315EST,,"KZTL ROUTE KZTL KZJX.
V70 EUFAULA (EUF) VORTAC, AL R-077 TO VIENNA (VNA) VORTAC, GA R-259 NA EXCEPT FOR ACFT EQUIPPED WITH SUITABLE RNAV SYSTEM WITH GPS.",airspace,advisory
ZTL-5-8650,"Q) KFDC/QARCH/IV/BO/E/000/999/
A) KZTL KZID
B) 2512121947
C) 2607241939EST
E) KZTL ROUTE KZTL KZID.
V178 LEXINGTON (HYK) VOR/DME, KY R-103 TO TRENT, KY MEA 10000 SOUTHEASTBOUND EXCEPT FOR ACFT EQUIPPED WITH SUITABLE RNAV SYSTEM WITH GPS.
V178 TRENT, KY TO SLINK, WV MEA 10000 EXCEPT FOR ACFT EQUIPPED WITH SUITABLE RNAV SYSTEM WITH GPS.
V178 SLINK, WV TO BLUEFIELD (BLF) VOR/DME, WV R-288 MEA 10000 NORTHWESTBOUND EXCEPT FOR ACFT EQUIPPED WITH SUITABLE RNAV SYSTEM WITH GPS.
BLF VOR COP AT 81 NM 10000.",ZTL,KFDC/QARCH/IV/BO/E/000/999/,KFDC,QARCH,IV,BO,E,0.0,999.0,,KZTL KZID,2512121947,2607241939EST,,"KZTL ROUTE KZTL KZID.
V178 LEXINGTON (HYK) VOR/DME, KY R-103 TO TRENT, KY MEA 10000 SOUTHEASTBOUND EXCEPT FOR ACFT EQUIPPED WITH SUITABLE RNAV SYSTEM WITH GPS.
V178 TRENT, KY TO SLINK, WV MEA 10000 EXCEPT FOR ACFT EQUIPPED WITH SUITABLE RNAV SYSTEM WITH GPS.
V178 SLINK, WV TO BLUEFIELD (BLF) VOR/DME, WV R-288 MEA 10000 NORTHWESTBOUND EXCEPT FOR ACFT EQUIPPED WITH SUITABLE RNAV SYSTEM WITH GPS.
BLF VOR COP AT 81 NM 10000.",airspace,advisory
ZTL-6-7908,"Q) KFDC/QARCH/IV/BO/E/000/999/
A) KZJX KZTL
B) 2402011233
C) 2409121232EST
E) KZJX GA...ROUTE KZJX KZTL.
V70 OCONE, GA TO MILEN INT, GA MEA 3500.",ZTL,KFDC/QARCH/IV/BO/E/000/999/,KFDC,QARCH,IV,BO,E,0.0,999.0,,KZJX KZTL,2402011233,2409121232EST,,"KZJX GA...ROUTE KZJX KZTL.
V70 OCONE, GA TO MILEN INT, GA MEA 3500.",airspace,advisory
ZME-5-3979,"Q) KFDC/QARLC/IV/NBO/E/000/999/
A) KZME
B) 2507241319
C) 2603051315EST
E) KZME AR...ROUTE KZME.
V74 DANIL, AR TO OLLAS, AR NA EXCEPT FOR ACFT EQUIPPED WITH SUITABLE RNAV SYSTEM WITH GPS.",ZME,KFDC/QARLC/IV/NBO/E/000/999/,KFDC,QARLC,IV,NBO,E,0.0,999.0,,KZME,2507241319,2603051315EST,,"KZME AR...ROUTE KZME.
V74 DANIL, AR TO OLLAS, AR NA EXCEPT FOR ACFT EQUIPPED WITH SUITABLE RNAV SYSTEM WITH GPS.",airspace,advisory
ZME-5-8478,"Q) KFDC/QARCH/IV/BO/E/000/999/
A) KZME
B) 2509221725
C) 2709221721EST
E) KZME AR...ROUTE KZME.
V54 MUFRE INT, AR MRA AT MUFRE 8000 OR DME REQUIRED EXCEPT FOR ACFT EQUIPPED WITH SUITABLE RNAV SYSTEM WITH GPS.
HOT VOR/DME R-187 UNUSABLE BEYOND 9 NM SFC-7900FT.",ZME,KFDC/QARCH/IV/BO/E/000/999/,KFDC,QARCH,IV,BO,E,0.0,999.0,,KZME,2509221725,2709221721EST,,"KZME AR...ROUTE KZME.
V54 MUFRE INT, AR MRA AT MUFRE 8000 OR DME REQUIRED EXCEPT FOR ACFT EQUIPPED WITH SUITABLE RNAV SYSTEM WITH GPS.
HOT VOR/DME R-187 UNUSABLE BEYOND 9 NM SFC-7900FT.",airspace,critical
ZME-5-8487,"Q) KFDC/QARCH/IV/BO/E/000/999/
A) KZME
B) 2509221726
C) 2709221725EST
E) KZME AR...ROUTE KZME.
V74 LITTLE ROCK (LIT) VORTAC, AR R-288 TO MAUME INT, AR MRA AT MAUME 5000.
HOT VOR/DME R-034 UNUSABLE BEYOND 15 NM SFC-4900FT.",ZME,KFDC/QARCH/IV/BO/E/000/999/,KFDC,QARCH,IV,BO,E,0.0,999.0,,KZME,2509221726,2709221725EST,,"KZME AR...ROUTE KZME.
V74 LITTLE ROCK (LIT) VORTAC, AR R-288 TO MAUME INT, AR MRA AT MAUME 5000.
HOT VOR/DME R-034 UNUSABLE BEYOND 15 NM SFC-4900FT.",airspace,critical
ZME-5-8009,"Q) KFDC/QARLC/IV/NBO/E/000/999/
A) KZME
B) 2510081510
C) 2605201509EST
E) KZME AR...ROUTE KZME.
V71 HOT SPRINGS (HOT) VOR/DME, AR R-354 TO COP NA.
HOT VOR/DME R-354 UNUSABLE BEYOND 10 NM.",ZME,KFDC/QARLC/IV/NBO/E/000/999/,KFDC,QARLC,IV,NBO,E,0.0,999.0,,KZME,2510081510,2605201509EST,,"KZME AR...ROUTE KZME.
V71 HOT SPRINGS (HOT) VOR/DME, AR R-354 TO COP NA.
HOT VOR/DME R-354 UNUSABLE BEYOND 10 NM.",airspace,critical
ZME-6-4809,"Q) KFDC/QARCH/IV/BO/E/000/999/
A) KZME
B) 2601192106
C) 2608312106EST
E) KZME MS...ROUTE KZME.
V18 MAGNOLIA (MHZ) VORTAC, MS R-094 TO FANEN INT, MS DME REQUIRED EXCEPT FOR ACFT EQUIPPED WITH SUITABLE RNAV SYSTEM WITH GPS.
MCB VOR R-014 UNUSABLE.",ZME,KFDC/QARCH/IV/BO/E/000/999/,KFDC,QARCH,IV,BO,E,0.0,999.0,,KZME,2601192106,2608312106EST,,"KZME MS...ROUTE KZME.
V18 MAGNOLIA (MHZ) VORTAC, MS R-094 TO FANEN INT, MS DME REQUIRED EXCEPT FOR ACFT EQUIPPED WITH SUITABLE RNAV SYSTEM WITH GPS.
MCB VOR R-014 UNUSABLE.",airspace,critical
ZDV-4-2496,"Q) KFDC/QARLC/IV/NBO/E/000/999/
A) KZLC KZDV
B) 2409091212
C) 2504211206EST
E) KZLC ROUTE KZLC KZDV.
J148 MYTON (MTU) VOR/DME, UT TO CHEYENNE (CYS) VORTAC, WY NA EXCEPT FOR AIRCRAFT EQUIPPED WITH SUITABLE RNAV SYSTEM WITH GPS. CYS VOR R-244 UNUSABLE BEYOND 40 NM.",ZDV,KFDC/QARLC/IV/NBO/E/000/999/,KFDC,QARLC,IV,NBO,E,0.0,999.0,,KZLC KZDV,2409091212,2504211206EST,,"KZLC ROUTE KZLC KZDV.
J148 MYTON (MTU) VOR/DME, UT TO CHEYENNE (CYS) VORTAC, WY NA EXCEPT FOR AIRCRAFT EQUIPPED WITH SUITABLE RNAV SYSTEM WITH GPS. CYS VOR R-244 UNUSABLE BEYOND 40 NM.",airspace,critical
ZDV-4-9516,"Q) KFDC/QARCH/IV/BO/E/000/999/
A) KZDV
B) 2409241224
C) 2505061218EST
E) KZDV ROUTE KZDV.
J110 RATTLESNAKE (RSK) VORTAC, NM TO ALAMOSA (ALS) VORTAC, CO MEA 21000 EXCEPT FOR AIRCRAFT EQUIPPED WITH SUITABLE RNAV SYSTEM WITH GPS. COP 81 NM FROM RSK VOR AND 34 NM FROM ALS VOR. ALS VOR R-240 UNUSABLE BEYOND 40 NM.",ZDV,KFDC/QARCH/IV/BO/E/000/999/,KFDC,QARCH,IV,BO,E,0.0,999.0,,KZDV,2409241224,2505061218EST,,"KZDV ROUTE KZDV.
J110 RATTLESNAKE (RSK) VORTAC, NM TO ALAMOSA (ALS) VORTAC, CO MEA 21000 EXCEPT FOR AIRCRAFT EQUIPPED WITH SUITABLE RNAV SYSTEM WITH GPS. COP 81 NM FROM RSK VOR AND 34 NM FROM ALS VOR. ALS VOR R-240 UNUSABLE BEYOND 40 NM.",airspace,critical
ZDV-4-6131,"Q) KFDC/QARCH/IV/BO/E/000/999/
A) KZDV KZLC
B) 2410301514
C) 2506111510EST
E) KZDV ROUTE KZDV KZLC.
J12 FAIRFIELD (FFU) VORTAC, UT TO GRAND JUNCTION (JNC) VOR/DME, CO MEA GAP. FFU VOR R-100 UNUSABLE BEYOND 77 NM.",ZDV,KFDC/QARCH/IV/BO/E/000/999/,KFDC,QARCH,IV,BO,E,0.0,999.0,,KZDV KZLC,2410301514,2506111510EST,,"KZDV ROUTE KZDV KZLC.
J12 FAIRFIELD (FFU) VORTAC, UT TO GRAND JUNCTION (JNC) VOR/DME, CO MEA GAP. FFU VOR R-100 UNUSABLE BEYOND 77 NM.",airspace,critical
ZDV-5-3922,"Q) KFDC/QARCH/IV/BO/E/000/999/
A) KZLA KZDV
B) 2302151513
C) 2309271511EST
E) KZLA ROUTE KZLA KZDV.
V210 GRAND CANYON (GCN) VOR/DME, AZ TO TUBA CITY (TBC) VORTAC, AZ MOCA 9700.",ZDV,KFDC/QARCH/IV/BO/E/000/999/,KFDC,QARCH,IV,BO,E,0.0,999.0,,KZLA KZDV,2302151513,2309271511EST,,"KZLA ROUTE KZLA KZDV.
V210 GRAND CANYON (GCN) VOR/DME, AZ TO TUBA CITY (TBC) VORTAC, AZ MOCA 9700.",airspace,advisory
ZDV-5-4355,"Q) KFDC/QARCH/IV/BO/E/000/999/
A) KZDV
B) 2503181303
C) 2510281259EST
E) KZDV ROUTE KZDV.
V611 MOIST, WY TO DEALT, WY MEA 14700. MOIST, WY MCA 14700 NORTHWESTBOUND; MRA 9500. DEALT, WY MCA 14700 SOUTHEASTBOUND. COP 70 NM FROM CYS VOR AND 61 NM FROM DDY VOR. MEA GAP AT COP. DDY VOR R-137 UNUSABLE BEYOND 40 NM BELOW 18000.",ZDV,KFDC/QARCH/IV/BO/E/000/999/,KFDC,QARCH,IV,BO,E,0.0,999.0,,KZDV,2503181303,2510281259EST,,"KZDV ROUTE KZDV.
V611 MOIST, WY TO DEALT, WY MEA 14700. MOIST, WY MCA 14700 NORTHWESTBOUND; MRA 9500. DEALT, WY MCA 14700 SOUTHEASTBOUND. COP 70 NM FROM CYS VOR AND 61 NM FROM DDY VOR. MEA GAP AT COP. DDY VOR R-137 UNUSABLE BEYOND 40 NM BELOW 18000.",airspace,critical
ZDV-5-0629,"Q) KFDC/QARCH/IV/BO/E/000/999/
A) KZDV
B) 2504241458
C) 2512041431EST
E) KZDV WY...ROUTE KZDV.
V118 LARAMIE (LAR) VOR/DME, WY TO SENSE, WY MEA 11100 MCA 9900 EASTBOUND.",ZDV,KFDC/QARCH/IV/BO/E/000/999/,KFDC,QARCH,IV,BO,E,0.0,999.0,,KZDV,2504241458,2512041431EST,,"KZDV WY...ROUTE KZDV.
V118 LARAMIE (LAR) VOR/DME, WY TO SENSE, WY MEA 11100 MCA 9900 EASTBOUND.",airspace,advisory
ZDV-5-9642,"Q) KFDC/QARCH/IV/BO/E/000/999/
A) KZDV
B) 2504252019
C) 2512052013EST
E) KZDV CO...ROUTE KZDV.
V421, V95 DURANGO (DRO) VOR/DME, CO TO BLUE MESA (HBU) VOR/DME, CO CHART COP AT 46NM FROM DRO AND 40NM FROM HBU.",ZDV,KFDC/QARCH/IV/BO/E/000/999/,KFDC,QARCH,IV,BO,E,0.0,999.0,,KZDV,2504252019,2512052013EST,,"KZDV CO...ROUTE KZDV.
V421, V95 DURANGO (DRO) VOR/DME, CO TO BLUE MESA (HBU) VOR/DME, CO CHART COP AT 46NM FROM DRO AND 40NM FROM HBU.",airspace,advisory
ZDV-5-1802,"Q) KFDC/QARCH/IV/BO/E/000/999/
A) KZDV
B) 2508221529
C) 2708221529EST
E) KZDV WY...ROUTE KZDV.
V6 MOIST INT, WY TO LITER, WY MEA 11500.
MBW VOR/DME . LITER MCA 11500 WESTBOUND.",ZDV,KFDC/QARCH/IV/BO/E/000/999/,KFDC,QARCH,IV,BO,E,0.0,999.0,,KZDV,2508221529,2708221529EST,,"KZDV WY...ROUTE KZDV.
V6 MOIST INT, WY TO LITER, WY MEA 11500.
MBW VOR/DME . LITER MCA 11500 WESTBOUND.",airspace,advisory
ZDV-5-2027,"Q) KFDC/QARLC/IV/NBO/E/000/999/
A) KZDV KZMP
B) 2508181752
C) 2603301748EST
E) KZDV NE...ROUTE KZDV KZMP.
T286 GORDON (GRN) NDB, NE TO THEDFORD (TDD) VOR/DME, NE NA.
T286 THEDFORD (TDD) VOR/DME, NE TO GRAND ISLAND (GRI) VOR/DME, NE NA.
TDD VOR/DME UNUSABLE.",ZDV,KFDC/QARLC/IV/NBO/E/000/999/,KFDC,QARLC,IV,NBO,E,0.0,999.0,,KZDV KZMP,2508181752,2603301748EST,,"KZDV NE...ROUTE KZDV KZMP.
T286 GORDON (GRN) NDB, NE TO THEDFORD (TDD) VOR/DME, NE NA.
T286 THEDFORD (TDD) VOR/DME, NE TO GRAND ISLAND (GRI) VOR/DME, NE NA.
TDD VOR/DME UNUSABLE.",airspace,critical
ZDV-5-2029,"Q) KFDC/QARLC/IV/NBO/E/000/999/
A) KZDV
B) 2508181754
C) 2603301752EST
E) KZDV NE...ROUTE KZDV.
T285 VALENTINE (VTN) NDB, NE TO THEDFORD (TDD) VOR/DME, NE NA.
T285 THEDFORD (TDD) VOR/DME, NE TO NORTH PLATTE (LBF) VOR/DME, NE NA.
TDD VOR/DME UNUSABLE.",ZDV,KFDC/QARLC/IV/NBO/E/000/999/,KFDC,QARLC,IV,NBO,E,0.0,999.0,,KZDV,2508181754,2603301752EST,,"KZDV NE...ROUTE KZDV.
T285 VALENTINE (VTN) NDB, NE TO THEDFORD (TDD) VOR/DME, NE NA.
T285 THEDFORD (TDD) VOR/DME, NE TO NORTH PLATTE (LBF) VOR/DME, NE NA.
TDD VOR/DME UNUSABLE.",airspace,critical
ZDV-5-2031,"Q) KFDC/QARLC/IV/NBO/E/000/999/
A) KZDV KZMP
B) 2508181752
C) 2603301748EST
E) KZDV NE...ROUTE KZDV KZMP.
T286 GORDON (GRN) NDB, NE TO THEDFORD (TDD) VOR/DME, NE NA.
T286 THEDFORD (TDD) VOR/DME, NE TO GRAND ISLAND (GRI) VOR/DME, NE NA.
TDD VOR/DME UNUSABLE.",ZDV,KFDC/QARLC/IV/NBO/E/000/999/,KFDC,QARLC,IV,NBO,E,0.0,999.0,,KZDV KZMP,2508181752,2603301748EST,,"KZDV NE...ROUTE KZDV KZMP.
T286 GORDON (GRN) NDB, NE TO THEDFORD (TDD) VOR/DME, NE NA.
T286 THEDFORD (TDD) VOR/DME, NE TO GRAND ISLAND (GRI) VOR/DME, NE NA.
TDD VOR/DME UNUSABLE.",airspace,critical
ZDV-5-4036,"Q) KFDC/QARLC/IV/NBO/E/000/999/
A) KZMP KZDV
B) 2512312053
C) 2608122047EST
E) KZMP ROUTE KZMP KZDV.
V100 AINSWORTH (ANW) VOR/DME, NE TO O'NEILL (ONL) VORTAC, NE NA EXCEPT FOR ACFT EQUIPPED WITH SUITABLE RNAV SYSTEM WITH GPS.
ONL VORTAC UNUSABLE.",ZDV,KFDC/QARLC/IV/NBO/E/000/999/,KFDC,QARLC,IV,NBO,E,0.0,999.0,,KZMP KZDV,2512312053,2608122047EST,,"KZMP ROUTE KZMP KZDV.
V100 AINSWORTH (ANW) VOR/DME, NE TO O'NEILL (ONL) VORTAC, NE NA EXCEPT FOR ACFT EQUIPPED WITH SUITABLE RNAV SYSTEM WITH GPS.
ONL VORTAC UNUSABLE.",airspace,critical
ZDV-6-0556,"Q) KFDC/QARLC/IV/NBO/E/000/999/
A) KZDV KZMP
B) 2601051627
C) 2608171624EST
E) KZDV ROUTE KZDV KZMP.
V148, V80 NORTH PLATTE (LBF) VOR/DME, NE TO DOLTS, SD NA EXCEPT FOR ACFT EQUIPPED WITH SUITABLE RNAV SYSTEM WITH GPS.
ONL VORTAC UNUSABLE.",ZDV,KFDC/QARLC/IV/NBO/E/000/999/,KFDC,QARLC,IV,NBO,E,0.0,999.0,,KZDV KZMP,2601051627,2608171624EST,,"KZDV ROUTE KZDV KZMP.
V148, V80 NORTH PLATTE (LBF) VOR/DME, NE TO DOLTS, SD NA EXCEPT FOR ACFT EQUIPPED WITH SUITABLE RNAV SYSTEM WITH GPS.
ONL VORTAC UNUSABLE.",airspace,critical
